serial,mac,device_type,model,role,site,central_group,hostname,mgmt_ip,zone
CN83001AGGX,a8:b3:25:00:f0:01,switch_agg,8325-48Y8C,aggregation,CD-PRINCIPAL,grp-core,agg-01,10.20.10.2,
CN83002AGGX,a8:b3:25:00:f0:02,switch_agg,8325-48Y8C,aggregation,CD-PRINCIPAL,grp-core,agg-02,10.20.10.3,
CN63001ACCX,a6:b3:00:00:00:01,switch_access,6300-24p-PoE,access,CD-PRINCIPAL,grp-acceso,acc-sw-r01-1,10.20.10.11,rack01
CN63002ACCX,a6:b3:00:00:00:02,switch_access,6300-24p-PoE,access,CD-PRINCIPAL,grp-acceso,acc-sw-r01-2,10.20.10.12,rack01
CN63003ACCX,a6:b3:00:00:00:03,switch_access,6300-24p-PoE,access,CD-PRINCIPAL,grp-acceso,acc-sw-r01-3,10.20.10.13,rack01
CN63004ACCX,a6:b3:00:00:00:04,switch_access,6300-24p-PoE,access,CD-PRINCIPAL,grp-acceso,acc-sw-r01-4,10.20.10.14,rack01
CN63005ACCX,a6:b3:00:00:00:05,switch_access,6300-24p-PoE,access,CD-PRINCIPAL,grp-acceso,acc-sw-r02-1,10.20.10.15,rack02
CN63006ACCX,a6:b3:00:00:00:06,switch_access,6300-24p-PoE,access,CD-PRINCIPAL,grp-acceso,acc-sw-r02-2,10.20.10.16,rack02
CN63007ACCX,a6:b3:00:00:00:07,switch_access,6300-24p-PoE,access,CD-PRINCIPAL,grp-acceso,acc-sw-r02-3,10.20.10.17,rack02
CN63008ACCX,a6:b3:00:00:00:08,switch_access,6300-24p-PoE,access,CD-PRINCIPAL,grp-acceso,acc-sw-r02-4,10.20.10.18,rack02
CN63009ACCX,a6:b3:00:00:00:09,switch_access,6300-24p-PoE,access,CD-PRINCIPAL,grp-acceso,acc-sw-r03-1,10.20.10.19,rack03
CN63010ACCX,a6:b3:00:00:00:0a,switch_access,6300-24p-PoE,access,CD-PRINCIPAL,grp-acceso,acc-sw-r03-2,10.20.10.20,rack03
CN63011ACCX,a6:b3:00:00:00:0b,switch_access,6300-24p-PoE,access,CD-PRINCIPAL,grp-acceso,acc-sw-r03-3,10.20.10.21,rack03
CN63012ACCX,a6:b3:00:00:00:0c,switch_access,6300-24p-PoE,access,CD-PRINCIPAL,grp-acceso,acc-sw-r03-4,10.20.10.22,rack03
CN63013ACCX,a6:b3:00:00:00:0d,switch_access,6300-24p-PoE,access,CD-PRINCIPAL,grp-acceso,acc-sw-r04-1,10.20.10.23,rack04
CN63014ACCX,a6:b3:00:00:00:0e,switch_access,6300-24p-PoE,access,CD-PRINCIPAL,grp-acceso,acc-sw-r04-2,10.20.10.24,rack04
CN63015ACCX,a6:b3:00:00:00:0f,switch_access,6300-24p-PoE,access,CD-PRINCIPAL,grp-acceso,acc-sw-r04-3,10.20.10.25,rack04
CN63016ACCX,a6:b3:00:00:00:10,switch_access,6300-24p-PoE,access,CD-PRINCIPAL,grp-acceso,acc-sw-r04-4,10.20.10.26,rack04
CN63017ACCX,a6:b3:00:00:00:11,switch_access,6300-24p-PoE,access,CD-PRINCIPAL,grp-acceso,acc-sw-r05-1,10.20.10.27,rack05
CN63018ACCX,a6:b3:00:00:00:12,switch_access,6300-24p-PoE,access,CD-PRINCIPAL,grp-acceso,acc-sw-r05-2,10.20.10.28,rack05
CN63019ACCX,a6:b3:00:00:00:13,switch_access,6300-24p-PoE,access,CD-PRINCIPAL,grp-acceso,acc-sw-r05-3,10.20.10.29,rack05
CN63020ACCX,a6:b3:00:00:00:14,switch_access,6300-24p-PoE,access,CD-PRINCIPAL,grp-acceso,acc-sw-r05-4,10.20.10.30,rack05
CN63021ACCX,a6:b3:00:00:00:15,switch_access,6300-24p-PoE,access,CD-PRINCIPAL,grp-acceso,acc-sw-r06-1,10.20.10.31,rack06
CN63022ACCX,a6:b3:00:00:00:16,switch_access,6300-24p-PoE,access,CD-PRINCIPAL,grp-acceso,acc-sw-r06-2,10.20.10.32,rack06
CN63023ACCX,a6:b3:00:00:00:17,switch_access,6300-24p-PoE,access,CD-PRINCIPAL,grp-acceso,acc-sw-r06-3,10.20.10.33,rack06
CN63024ACCX,a6:b3:00:00:00:18,switch_access,6300-24p-PoE,access,CD-PRINCIPAL,grp-acceso,acc-sw-r06-4,10.20.10.34,rack06
CN63025ACCX,a6:b3:00:00:00:19,switch_access,6300-24p-PoE,access,CD-PRINCIPAL,grp-acceso,acc-sw-r07-1,10.20.10.35,rack07
CN63026ACCX,a6:b3:00:00:00:1a,switch_access,6300-24p-PoE,access,CD-PRINCIPAL,grp-acceso,acc-sw-r07-2,10.20.10.36,rack07
CN63027ACCX,a6:b3:00:00:00:1b,switch_access,6300-24p-PoE,access,CD-PRINCIPAL,grp-acceso,acc-sw-r07-3,10.20.10.37,rack07
CN63028ACCX,a6:b3:00:00:00:1c,switch_access,6300-24p-PoE,access,CD-PRINCIPAL,grp-acceso,acc-sw-r07-4,10.20.10.38,rack07
CN63029ACCX,a6:b3:00:00:00:1d,switch_access,6300-24p-PoE,access,CD-PRINCIPAL,grp-acceso,acc-sw-r08-1,10.20.10.39,rack08
CN63030ACCX,a6:b3:00:00:00:1e,switch_access,6300-24p-PoE,access,CD-PRINCIPAL,grp-acceso,acc-sw-r08-2,10.20.10.40,rack08
CN63031ACCX,a6:b3:00:00:00:1f,switch_access,6300-24p-PoE,access,CD-PRINCIPAL,grp-acceso,acc-sw-r08-3,10.20.10.41,rack08
CN63032ACCX,a6:b3:00:00:00:20,switch_access,6300-24p-PoE,access,CD-PRINCIPAL,grp-acceso,acc-sw-r08-4,10.20.10.42,rack08
CN63033ACCX,a6:b3:00:00:00:21,switch_access,6300-24p-PoE,access,CD-PRINCIPAL,grp-acceso,acc-sw-r09-1,10.20.10.43,rack09
CN63034ACCX,a6:b3:00:00:00:22,switch_access,6300-24p-PoE,access,CD-PRINCIPAL,grp-acceso,acc-sw-r09-2,10.20.10.44,rack09
CN63035ACCX,a6:b3:00:00:00:23,switch_access,6300-24p-PoE,access,CD-PRINCIPAL,grp-acceso,acc-sw-r09-3,10.20.10.45,rack09
CN63036ACCX,a6:b3:00:00:00:24,switch_access,6300-24p-PoE,access,CD-PRINCIPAL,grp-acceso,acc-sw-r09-4,10.20.10.46,rack09
CN63037ACCX,a6:b3:00:00:00:25,switch_access,6300-24p-PoE,access,CD-PRINCIPAL,grp-acceso,acc-sw-r10-1,10.20.10.47,rack10
CN63038ACCX,a6:b3:00:00:00:26,switch_access,6300-24p-PoE,access,CD-PRINCIPAL,grp-acceso,acc-sw-r10-2,10.20.10.48,rack10
CN63039ACCX,a6:b3:00:00:00:27,switch_access,6300-24p-PoE,access,CD-PRINCIPAL,grp-acceso,acc-sw-r10-3,10.20.10.49,rack10
CN63040ACCX,a6:b3:00:00:00:28,switch_access,6300-24p-PoE,access,CD-PRINCIPAL,grp-acceso,acc-sw-r10-4,10.20.10.50,rack10
CN63041ACCX,a6:b3:00:00:00:29,switch_access,6300-24p-PoE,access,CD-PRINCIPAL,grp-acceso,acc-sw-r11-1,10.20.10.51,rack11
CN63042ACCX,a6:b3:00:00:00:2a,switch_access,6300-24p-PoE,access,CD-PRINCIPAL,grp-acceso,acc-sw-r11-2,10.20.10.52,rack11
CN63043ACCX,a6:b3:00:00:00:2b,switch_access,6300-24p-PoE,access,CD-PRINCIPAL,grp-acceso,acc-sw-r11-3,10.20.10.53,rack11
CN63044ACCX,a6:b3:00:00:00:2c,switch_access,6300-24p-PoE,access,CD-PRINCIPAL,grp-acceso,acc-sw-r11-4,10.20.10.54,rack11
CN63045ACCX,a6:b3:00:00:00:2d,switch_access,6300-24p-PoE,access,CD-PRINCIPAL,grp-acceso,acc-sw-r12-1,10.20.10.55,rack12
CN63046ACCX,a6:b3:00:00:00:2e,switch_access,6300-24p-PoE,access,CD-PRINCIPAL,grp-acceso,acc-sw-r12-2,10.20.10.56,rack12
CN63047ACCX,a6:b3:00:00:00:2f,switch_access,6300-24p-PoE,access,CD-PRINCIPAL,grp-acceso,acc-sw-r12-3,10.20.10.57,rack12
CN63048ACCX,a6:b3:00:00:00:30,switch_access,6300-24p-PoE,access,CD-PRINCIPAL,grp-acceso,acc-sw-r12-4,10.20.10.58,rack12
CNAP00001,b4:c5:d6:00:00:01,ap,AP-635,ap,CD-PRINCIPAL,grp-aps-bodega-principal,ap-bod-0001,dhcp,bodega-principal
CNAP00002,b4:c5:d6:00:00:02,ap,AP-635,ap,CD-PRINCIPAL,grp-aps-bodega-principal,ap-bod-0002,dhcp,bodega-principal
CNAP00003,b4:c5:d6:00:00:03,ap,AP-635,ap,CD-PRINCIPAL,grp-aps-bodega-principal,ap-bod-0003,dhcp,bodega-principal
CNAP00004,b4:c5:d6:00:00:04,ap,AP-635,ap,CD-PRINCIPAL,grp-aps-bodega-principal,ap-bod-0004,dhcp,bodega-principal
CNAP00005,b4:c5:d6:00:00:05,ap,AP-635,ap,CD-PRINCIPAL,grp-aps-bodega-principal,ap-bod-0005,dhcp,bodega-principal
CNAP00006,b4:c5:d6:00:00:06,ap,AP-635,ap,CD-PRINCIPAL,grp-aps-bodega-principal,ap-bod-0006,dhcp,bodega-principal
CNAP00007,b4:c5:d6:00:00:07,ap,AP-635,ap,CD-PRINCIPAL,grp-aps-bodega-principal,ap-bod-0007,dhcp,bodega-principal
CNAP00008,b4:c5:d6:00:00:08,ap,AP-635,ap,CD-PRINCIPAL,grp-aps-bodega-principal,ap-bod-0008,dhcp,bodega-principal
CNAP00009,b4:c5:d6:00:00:09,ap,AP-635,ap,CD-PRINCIPAL,grp-aps-bodega-principal,ap-bod-0009,dhcp,bodega-principal
CNAP00010,b4:c5:d6:00:00:0a,ap,AP-635,ap,CD-PRINCIPAL,grp-aps-bodega-principal,ap-bod-0010,dhcp,bodega-principal
CNAP00011,b4:c5:d6:00:00:0b,ap,AP-635,ap,CD-PRINCIPAL,grp-aps-bodega-principal,ap-bod-0011,dhcp,bodega-principal
CNAP00012,b4:c5:d6:00:00:0c,ap,AP-635,ap,CD-PRINCIPAL,grp-aps-bodega-principal,ap-bod-0012,dhcp,bodega-principal
CNAP00013,b4:c5:d6:00:00:0d,ap,AP-635,ap,CD-PRINCIPAL,grp-aps-bodega-principal,ap-bod-0013,dhcp,bodega-principal
CNAP00014,b4:c5:d6:00:00:0e,ap,AP-635,ap,CD-PRINCIPAL,grp-aps-bodega-principal,ap-bod-0014,dhcp,bodega-principal
CNAP00015,b4:c5:d6:00:00:0f,ap,AP-635,ap,CD-PRINCIPAL,grp-aps-bodega-principal,ap-bod-0015,dhcp,bodega-principal
CNAP00016,b4:c5:d6:00:00:10,ap,AP-635,ap,CD-PRINCIPAL,grp-aps-bodega-principal,ap-bod-0016,dhcp,bodega-principal
CNAP00017,b4:c5:d6:00:00:11,ap,AP-635,ap,CD-PRINCIPAL,grp-aps-bodega-principal,ap-bod-0017,dhcp,bodega-principal
CNAP00018,b4:c5:d6:00:00:12,ap,AP-635,ap,CD-PRINCIPAL,grp-aps-bodega-principal,ap-bod-0018,dhcp,bodega-principal
CNAP00019,b4:c5:d6:00:00:13,ap,AP-635,ap,CD-PRINCIPAL,grp-aps-bodega-principal,ap-bod-0019,dhcp,bodega-principal
CNAP00020,b4:c5:d6:00:00:14,ap,AP-635,ap,CD-PRINCIPAL,grp-aps-bodega-principal,ap-bod-0020,dhcp,bodega-principal
CNAP00021,b4:c5:d6:00:00:15,ap,AP-635,ap,CD-PRINCIPAL,grp-aps-bodega-principal,ap-bod-0021,dhcp,bodega-principal
CNAP00022,b4:c5:d6:00:00:16,ap,AP-635,ap,CD-PRINCIPAL,grp-aps-bodega-principal,ap-bod-0022,dhcp,bodega-principal
CNAP00023,b4:c5:d6:00:00:17,ap,AP-635,ap,CD-PRINCIPAL,grp-aps-bodega-principal,ap-bod-0023,dhcp,bodega-principal
CNAP00024,b4:c5:d6:00:00:18,ap,AP-635,ap,CD-PRINCIPAL,grp-aps-bodega-principal,ap-bod-0024,dhcp,bodega-principal
CNAP00025,b4:c5:d6:00:00:19,ap,AP-635,ap,CD-PRINCIPAL,grp-aps-bodega-principal,ap-bod-0025,dhcp,bodega-principal
CNAP00026,b4:c5:d6:00:00:1a,ap,AP-635,ap,CD-PRINCIPAL,grp-aps-bodega-principal,ap-bod-0026,dhcp,bodega-principal
CNAP00027,b4:c5:d6:00:00:1b,ap,AP-635,ap,CD-PRINCIPAL,grp-aps-bodega-principal,ap-bod-0027,dhcp,bodega-principal
CNAP00028,b4:c5:d6:00:00:1c,ap,AP-635,ap,CD-PRINCIPAL,grp-aps-bodega-principal,ap-bod-0028,dhcp,bodega-principal
CNAP00029,b4:c5:d6:00:00:1d,ap,AP-635,ap,CD-PRINCIPAL,grp-aps-bodega-principal,ap-bod-0029,dhcp,bodega-principal
CNAP00030,b4:c5:d6:00:00:1e,ap,AP-635,ap,CD-PRINCIPAL,grp-aps-bodega-principal,ap-bod-0030,dhcp,bodega-principal
CNAP00031,b4:c5:d6:00:00:1f,ap,AP-635,ap,CD-PRINCIPAL,grp-aps-bodega-principal,ap-bod-0031,dhcp,bodega-principal
CNAP00032,b4:c5:d6:00:00:20,ap,AP-635,ap,CD-PRINCIPAL,grp-aps-bodega-principal,ap-bod-0032,dhcp,bodega-principal
CNAP00033,b4:c5:d6:00:00:21,ap,AP-635,ap,CD-PRINCIPAL,grp-aps-bodega-principal,ap-bod-0033,dhcp,bodega-principal
CNAP00034,b4:c5:d6:00:00:22,ap,AP-635,ap,CD-PRINCIPAL,grp-aps-bodega-principal,ap-bod-0034,dhcp,bodega-principal
CNAP00035,b4:c5:d6:00:00:23,ap,AP-635,ap,CD-PRINCIPAL,grp-aps-bodega-principal,ap-bod-0035,dhcp,bodega-principal
CNAP00036,b4:c5:d6:00:00:24,ap,AP-635,ap,CD-PRINCIPAL,grp-aps-bodega-principal,ap-bod-0036,dhcp,bodega-principal
CNAP00037,b4:c5:d6:00:00:25,ap,AP-635,ap,CD-PRINCIPAL,grp-aps-bodega-principal,ap-bod-0037,dhcp,bodega-principal
CNAP00038,b4:c5:d6:00:00:26,ap,AP-635,ap,CD-PRINCIPAL,grp-aps-bodega-principal,ap-bod-0038,dhcp,bodega-principal
CNAP00039,b4:c5:d6:00:00:27,ap,AP-635,ap,CD-PRINCIPAL,grp-aps-bodega-principal,ap-bod-0039,dhcp,bodega-principal
CNAP00040,b4:c5:d6:00:00:28,ap,AP-635,ap,CD-PRINCIPAL,grp-aps-bodega-principal,ap-bod-0040,dhcp,bodega-principal
CNAP00041,b4:c5:d6:00:00:29,ap,AP-635,ap,CD-PRINCIPAL,grp-aps-bodega-principal,ap-bod-0041,dhcp,bodega-principal
CNAP00042,b4:c5:d6:00:00:2a,ap,AP-635,ap,CD-PRINCIPAL,grp-aps-bodega-principal,ap-bod-0042,dhcp,bodega-principal
CNAP00043,b4:c5:d6:00:00:2b,ap,AP-635,ap,CD-PRINCIPAL,grp-aps-bodega-principal,ap-bod-0043,dhcp,bodega-principal
CNAP00044,b4:c5:d6:00:00:2c,ap,AP-635,ap,CD-PRINCIPAL,grp-aps-bodega-principal,ap-bod-0044,dhcp,bodega-principal
CNAP00045,b4:c5:d6:00:00:2d,ap,AP-635,ap,CD-PRINCIPAL,grp-aps-bodega-principal,ap-bod-0045,dhcp,bodega-principal
CNAP00046,b4:c5:d6:00:00:2e,ap,AP-635,ap,CD-PRINCIPAL,grp-aps-bodega-principal,ap-bod-0046,dhcp,bodega-principal
CNAP00047,b4:c5:d6:00:00:2f,ap,AP-635,ap,CD-PRINCIPAL,grp-aps-bodega-principal,ap-bod-0047,dhcp,bodega-principal
CNAP00048,b4:c5:d6:00:00:30,ap,AP-635,ap,CD-PRINCIPAL,grp-aps-bodega-principal,ap-bod-0048,dhcp,bodega-principal
CNAP00049,b4:c5:d6:00:00:31,ap,AP-635,ap,CD-PRINCIPAL,grp-aps-bodega-principal,ap-bod-0049,dhcp,bodega-principal
CNAP00050,b4:c5:d6:00:00:32,ap,AP-635,ap,CD-PRINCIPAL,grp-aps-bodega-principal,ap-bod-0050,dhcp,bodega-principal
CNAP00051,b4:c5:d6:00:00:33,ap,AP-635,ap,CD-PRINCIPAL,grp-aps-bodega-principal,ap-bod-0051,dhcp,bodega-principal
CNAP00052,b4:c5:d6:00:00:34,ap,AP-635,ap,CD-PRINCIPAL,grp-aps-bodega-principal,ap-bod-0052,dhcp,bodega-principal
CNAP00053,b4:c5:d6:00:00:35,ap,AP-635,ap,CD-PRINCIPAL,grp-aps-bodega-principal,ap-bod-0053,dhcp,bodega-principal
CNAP00054,b4:c5:d6:00:00:36,ap,AP-635,ap,CD-PRINCIPAL,grp-aps-bodega-principal,ap-bod-0054,dhcp,bodega-principal
CNAP00055,b4:c5:d6:00:00:37,ap,AP-635,ap,CD-PRINCIPAL,grp-aps-bodega-principal,ap-bod-0055,dhcp,bodega-principal
CNAP00056,b4:c5:d6:00:00:38,ap,AP-635,ap,CD-PRINCIPAL,grp-aps-bodega-principal,ap-bod-0056,dhcp,bodega-principal
CNAP00057,b4:c5:d6:00:00:39,ap,AP-635,ap,CD-PRINCIPAL,grp-aps-bodega-principal,ap-bod-0057,dhcp,bodega-principal
CNAP00058,b4:c5:d6:00:00:3a,ap,AP-635,ap,CD-PRINCIPAL,grp-aps-bodega-principal,ap-bod-0058,dhcp,bodega-principal
CNAP00059,b4:c5:d6:00:00:3b,ap,AP-635,ap,CD-PRINCIPAL,grp-aps-bodega-principal,ap-bod-0059,dhcp,bodega-principal
CNAP00060,b4:c5:d6:00:00:3c,ap,AP-635,ap,CD-PRINCIPAL,grp-aps-bodega-principal,ap-bod-0060,dhcp,bodega-principal
CNAP00061,b4:c5:d6:00:00:3d,ap,AP-635,ap,CD-PRINCIPAL,grp-aps-bodega-principal,ap-bod-0061,dhcp,bodega-principal
CNAP00062,b4:c5:d6:00:00:3e,ap,AP-635,ap,CD-PRINCIPAL,grp-aps-bodega-principal,ap-bod-0062,dhcp,bodega-principal
CNAP00063,b4:c5:d6:00:00:3f,ap,AP-635,ap,CD-PRINCIPAL,grp-aps-bodega-principal,ap-bod-0063,dhcp,bodega-principal
CNAP00064,b4:c5:d6:00:00:40,ap,AP-635,ap,CD-PRINCIPAL,grp-aps-bodega-principal,ap-bod-0064,dhcp,bodega-principal
CNAP00065,b4:c5:d6:00:00:41,ap,AP-635,ap,CD-PRINCIPAL,grp-aps-bodega-principal,ap-bod-0065,dhcp,bodega-principal
CNAP00066,b4:c5:d6:00:00:42,ap,AP-635,ap,CD-PRINCIPAL,grp-aps-bodega-principal,ap-bod-0066,dhcp,bodega-principal
CNAP00067,b4:c5:d6:00:00:43,ap,AP-635,ap,CD-PRINCIPAL,grp-aps-bodega-principal,ap-bod-0067,dhcp,bodega-principal
CNAP00068,b4:c5:d6:00:00:44,ap,AP-635,ap,CD-PRINCIPAL,grp-aps-bodega-principal,ap-bod-0068,dhcp,bodega-principal
CNAP00069,b4:c5:d6:00:00:45,ap,AP-635,ap,CD-PRINCIPAL,grp-aps-bodega-principal,ap-bod-0069,dhcp,bodega-principal
CNAP00070,b4:c5:d6:00:00:46,ap,AP-635,ap,CD-PRINCIPAL,grp-aps-bodega-principal,ap-bod-0070,dhcp,bodega-principal
CNAP00071,b4:c5:d6:00:00:47,ap,AP-635,ap,CD-PRINCIPAL,grp-aps-bodega-principal,ap-bod-0071,dhcp,bodega-principal
CNAP00072,b4:c5:d6:00:00:48,ap,AP-635,ap,CD-PRINCIPAL,grp-aps-bodega-principal,ap-bod-0072,dhcp,bodega-principal
CNAP00073,b4:c5:d6:00:00:49,ap,AP-635,ap,CD-PRINCIPAL,grp-aps-bodega-principal,ap-bod-0073,dhcp,bodega-principal
CNAP00074,b4:c5:d6:00:00:4a,ap,AP-635,ap,CD-PRINCIPAL,grp-aps-bodega-principal,ap-bod-0074,dhcp,bodega-principal
CNAP00075,b4:c5:d6:00:00:4b,ap,AP-635,ap,CD-PRINCIPAL,grp-aps-bodega-principal,ap-bod-0075,dhcp,bodega-principal
CNAP00076,b4:c5:d6:00:00:4c,ap,AP-635,ap,CD-PRINCIPAL,grp-aps-bodega-principal,ap-bod-0076,dhcp,bodega-principal
CNAP00077,b4:c5:d6:00:00:4d,ap,AP-635,ap,CD-PRINCIPAL,grp-aps-bodega-principal,ap-bod-0077,dhcp,bodega-principal
CNAP00078,b4:c5:d6:00:00:4e,ap,AP-635,ap,CD-PRINCIPAL,grp-aps-bodega-principal,ap-bod-0078,dhcp,bodega-principal
CNAP00079,b4:c5:d6:00:00:4f,ap,AP-635,ap,CD-PRINCIPAL,grp-aps-bodega-principal,ap-bod-0079,dhcp,bodega-principal
CNAP00080,b4:c5:d6:00:00:50,ap,AP-635,ap,CD-PRINCIPAL,grp-aps-bodega-principal,ap-bod-0080,dhcp,bodega-principal
CNAP00081,b4:c5:d6:00:00:51,ap,AP-635,ap,CD-PRINCIPAL,grp-aps-bodega-principal,ap-bod-0081,dhcp,bodega-principal
CNAP00082,b4:c5:d6:00:00:52,ap,AP-635,ap,CD-PRINCIPAL,grp-aps-bodega-principal,ap-bod-0082,dhcp,bodega-principal
CNAP00083,b4:c5:d6:00:00:53,ap,AP-635,ap,CD-PRINCIPAL,grp-aps-bodega-principal,ap-bod-0083,dhcp,bodega-principal
CNAP00084,b4:c5:d6:00:00:54,ap,AP-635,ap,CD-PRINCIPAL,grp-aps-bodega-principal,ap-bod-0084,dhcp,bodega-principal
CNAP00085,b4:c5:d6:00:00:55,ap,AP-635,ap,CD-PRINCIPAL,grp-aps-bodega-principal,ap-bod-0085,dhcp,bodega-principal
CNAP00086,b4:c5:d6:00:00:56,ap,AP-635,ap,CD-PRINCIPAL,grp-aps-bodega-principal,ap-bod-0086,dhcp,bodega-principal
CNAP00087,b4:c5:d6:00:00:57,ap,AP-635,ap,CD-PRINCIPAL,grp-aps-bodega-principal,ap-bod-0087,dhcp,bodega-principal
CNAP00088,b4:c5:d6:00:00:58,ap,AP-635,ap,CD-PRINCIPAL,grp-aps-bodega-principal,ap-bod-0088,dhcp,bodega-principal
CNAP00089,b4:c5:d6:00:00:59,ap,AP-635,ap,CD-PRINCIPAL,grp-aps-bodega-principal,ap-bod-0089,dhcp,bodega-principal
CNAP00090,b4:c5:d6:00:00:5a,ap,AP-635,ap,CD-PRINCIPAL,grp-aps-bodega-principal,ap-bod-0090,dhcp,bodega-principal
CNAP00091,b4:c5:d6:00:00:5b,ap,AP-635,ap,CD-PRINCIPAL,grp-aps-bodega-principal,ap-bod-0091,dhcp,bodega-principal
CNAP00092,b4:c5:d6:00:00:5c,ap,AP-635,ap,CD-PRINCIPAL,grp-aps-bodega-principal,ap-bod-0092,dhcp,bodega-principal
CNAP00093,b4:c5:d6:00:00:5d,ap,AP-635,ap,CD-PRINCIPAL,grp-aps-bodega-principal,ap-bod-0093,dhcp,bodega-principal
CNAP00094,b4:c5:d6:00:00:5e,ap,AP-635,ap,CD-PRINCIPAL,grp-aps-bodega-principal,ap-bod-0094,dhcp,bodega-principal
CNAP00095,b4:c5:d6:00:00:5f,ap,AP-635,ap,CD-PRINCIPAL,grp-aps-bodega-principal,ap-bod-0095,dhcp,bodega-principal
CNAP00096,b4:c5:d6:00:00:60,ap,AP-635,ap,CD-PRINCIPAL,grp-aps-bodega-principal,ap-bod-0096,dhcp,bodega-principal
CNAP00097,b4:c5:d6:00:00:61,ap,AP-635,ap,CD-PRINCIPAL,grp-aps-bodega-principal,ap-bod-0097,dhcp,bodega-principal
CNAP00098,b4:c5:d6:00:00:62,ap,AP-635,ap,CD-PRINCIPAL,grp-aps-bodega-principal,ap-bod-0098,dhcp,bodega-principal
CNAP00099,b4:c5:d6:00:00:63,ap,AP-635,ap,CD-PRINCIPAL,grp-aps-bodega-principal,ap-bod-0099,dhcp,bodega-principal
CNAP00100,b4:c5:d6:00:00:64,ap,AP-635,ap,CD-PRINCIPAL,grp-aps-bodega-principal,ap-bod-0100,dhcp,bodega-principal
CNAP00101,b4:c5:d6:00:00:65,ap,AP-635,ap,CD-PRINCIPAL,grp-aps-bodega-principal,ap-bod-0101,dhcp,bodega-principal
CNAP00102,b4:c5:d6:00:00:66,ap,AP-635,ap,CD-PRINCIPAL,grp-aps-bodega-principal,ap-bod-0102,dhcp,bodega-principal
CNAP00103,b4:c5:d6:00:00:67,ap,AP-635,ap,CD-PRINCIPAL,grp-aps-bodega-principal,ap-bod-0103,dhcp,bodega-principal
CNAP00104,b4:c5:d6:00:00:68,ap,AP-635,ap,CD-PRINCIPAL,grp-aps-bodega-principal,ap-bod-0104,dhcp,bodega-principal
CNAP00105,b4:c5:d6:00:00:69,ap,AP-635,ap,CD-PRINCIPAL,grp-aps-bodega-principal,ap-bod-0105,dhcp,bodega-principal
CNAP00106,b4:c5:d6:00:00:6a,ap,AP-635,ap,CD-PRINCIPAL,grp-aps-bodega-principal,ap-bod-0106,dhcp,bodega-principal
CNAP00107,b4:c5:d6:00:00:6b,ap,AP-635,ap,CD-PRINCIPAL,grp-aps-bodega-principal,ap-bod-0107,dhcp,bodega-principal
CNAP00108,b4:c5:d6:00:00:6c,ap,AP-635,ap,CD-PRINCIPAL,grp-aps-bodega-principal,ap-bod-0108,dhcp,bodega-principal
CNAP00109,b4:c5:d6:00:00:6d,ap,AP-635,ap,CD-PRINCIPAL,grp-aps-bodega-principal,ap-bod-0109,dhcp,bodega-principal
CNAP00110,b4:c5:d6:00:00:6e,ap,AP-635,ap,CD-PRINCIPAL,grp-aps-bodega-principal,ap-bod-0110,dhcp,bodega-principal
CNAP00111,b4:c5:d6:00:00:6f,ap,AP-635,ap,CD-PRINCIPAL,grp-aps-bodega-principal,ap-bod-0111,dhcp,bodega-principal
CNAP00112,b4:c5:d6:00:00:70,ap,AP-635,ap,CD-PRINCIPAL,grp-aps-bodega-principal,ap-bod-0112,dhcp,bodega-principal
CNAP00113,b4:c5:d6:00:00:71,ap,AP-635,ap,CD-PRINCIPAL,grp-aps-bodega-principal,ap-bod-0113,dhcp,bodega-principal
CNAP00114,b4:c5:d6:00:00:72,ap,AP-635,ap,CD-PRINCIPAL,grp-aps-bodega-principal,ap-bod-0114,dhcp,bodega-principal
CNAP00115,b4:c5:d6:00:00:73,ap,AP-635,ap,CD-PRINCIPAL,grp-aps-bodega-principal,ap-bod-0115,dhcp,bodega-principal
CNAP00116,b4:c5:d6:00:00:74,ap,AP-635,ap,CD-PRINCIPAL,grp-aps-bodega-principal,ap-bod-0116,dhcp,bodega-principal
CNAP00117,b4:c5:d6:00:00:75,ap,AP-635,ap,CD-PRINCIPAL,grp-aps-bodega-principal,ap-bod-0117,dhcp,bodega-principal
CNAP00118,b4:c5:d6:00:00:76,ap,AP-635,ap,CD-PRINCIPAL,grp-aps-bodega-principal,ap-bod-0118,dhcp,bodega-principal
CNAP00119,b4:c5:d6:00:00:77,ap,AP-635,ap,CD-PRINCIPAL,grp-aps-bodega-principal,ap-bod-0119,dhcp,bodega-principal
CNAP00120,b4:c5:d6:00:00:78,ap,AP-635,ap,CD-PRINCIPAL,grp-aps-bodega-principal,ap-bod-0120,dhcp,bodega-principal
CNAP00121,b4:c5:d6:00:00:79,ap,AP-635,ap,CD-PRINCIPAL,grp-aps-bodega-principal,ap-bod-0121,dhcp,bodega-principal
CNAP00122,b4:c5:d6:00:00:7a,ap,AP-635,ap,CD-PRINCIPAL,grp-aps-bodega-principal,ap-bod-0122,dhcp,bodega-principal
CNAP00123,b4:c5:d6:00:00:7b,ap,AP-635,ap,CD-PRINCIPAL,grp-aps-bodega-principal,ap-bod-0123,dhcp,bodega-principal
CNAP00124,b4:c5:d6:00:00:7c,ap,AP-635,ap,CD-PRINCIPAL,grp-aps-bodega-principal,ap-bod-0124,dhcp,bodega-principal
CNAP00125,b4:c5:d6:00:00:7d,ap,AP-635,ap,CD-PRINCIPAL,grp-aps-bodega-principal,ap-bod-0125,dhcp,bodega-principal
CNAP00126,b4:c5:d6:00:00:7e,ap,AP-635,ap,CD-PRINCIPAL,grp-aps-bodega-principal,ap-bod-0126,dhcp,bodega-principal
CNAP00127,b4:c5:d6:00:00:7f,ap,AP-635,ap,CD-PRINCIPAL,grp-aps-bodega-principal,ap-bod-0127,dhcp,bodega-principal
CNAP00128,b4:c5:d6:00:00:80,ap,AP-635,ap,CD-PRINCIPAL,grp-aps-bodega-principal,ap-bod-0128,dhcp,bodega-principal
CNAP00129,b4:c5:d6:00:00:81,ap,AP-635,ap,CD-PRINCIPAL,grp-aps-bodega-principal,ap-bod-0129,dhcp,bodega-principal
CNAP00130,b4:c5:d6:00:00:82,ap,AP-635,ap,CD-PRINCIPAL,grp-aps-bodega-principal,ap-bod-0130,dhcp,bodega-principal
CNAP00131,b4:c5:d6:00:00:83,ap,AP-635,ap,CD-PRINCIPAL,grp-aps-bodega-principal,ap-bod-0131,dhcp,bodega-principal
CNAP00132,b4:c5:d6:00:00:84,ap,AP-635,ap,CD-PRINCIPAL,grp-aps-bodega-principal,ap-bod-0132,dhcp,bodega-principal
CNAP00133,b4:c5:d6:00:00:85,ap,AP-635,ap,CD-PRINCIPAL,grp-aps-bodega-principal,ap-bod-0133,dhcp,bodega-principal
CNAP00134,b4:c5:d6:00:00:86,ap,AP-635,ap,CD-PRINCIPAL,grp-aps-bodega-principal,ap-bod-0134,dhcp,bodega-principal
CNAP00135,b4:c5:d6:00:00:87,ap,AP-635,ap,CD-PRINCIPAL,grp-aps-bodega-principal,ap-bod-0135,dhcp,bodega-principal
CNAP00136,b4:c5:d6:00:00:88,ap,AP-635,ap,CD-PRINCIPAL,grp-aps-bodega-principal,ap-bod-0136,dhcp,bodega-principal
CNAP00137,b4:c5:d6:00:00:89,ap,AP-635,ap,CD-PRINCIPAL,grp-aps-bodega-principal,ap-bod-0137,dhcp,bodega-principal
CNAP00138,b4:c5:d6:00:00:8a,ap,AP-635,ap,CD-PRINCIPAL,grp-aps-bodega-principal,ap-bod-0138,dhcp,bodega-principal
CNAP00139,b4:c5:d6:00:00:8b,ap,AP-635,ap,CD-PRINCIPAL,grp-aps-bodega-principal,ap-bod-0139,dhcp,bodega-principal
CNAP00140,b4:c5:d6:00:00:8c,ap,AP-635,ap,CD-PRINCIPAL,grp-aps-bodega-principal,ap-bod-0140,dhcp,bodega-principal
CNAP00141,b4:c5:d6:00:00:8d,ap,AP-635,ap,CD-PRINCIPAL,grp-aps-bodega-principal,ap-bod-0141,dhcp,bodega-principal
CNAP00142,b4:c5:d6:00:00:8e,ap,AP-635,ap,CD-PRINCIPAL,grp-aps-bodega-principal,ap-bod-0142,dhcp,bodega-principal
CNAP00143,b4:c5:d6:00:00:8f,ap,AP-635,ap,CD-PRINCIPAL,grp-aps-bodega-principal,ap-bod-0143,dhcp,bodega-principal
CNAP00144,b4:c5:d6:00:00:90,ap,AP-635,ap,CD-PRINCIPAL,grp-aps-bodega-principal,ap-bod-0144,dhcp,bodega-principal
CNAP00145,b4:c5:d6:00:00:91,ap,AP-635,ap,CD-PRINCIPAL,grp-aps-bodega-principal,ap-bod-0145,dhcp,bodega-principal
CNAP00146,b4:c5:d6:00:00:92,ap,AP-635,ap,CD-PRINCIPAL,grp-aps-bodega-principal,ap-bod-0146,dhcp,bodega-principal
CNAP00147,b4:c5:d6:00:00:93,ap,AP-635,ap,CD-PRINCIPAL,grp-aps-bodega-principal,ap-bod-0147,dhcp,bodega-principal
CNAP00148,b4:c5:d6:00:00:94,ap,AP-635,ap,CD-PRINCIPAL,grp-aps-bodega-principal,ap-bod-0148,dhcp,bodega-principal
CNAP00149,b4:c5:d6:00:00:95,ap,AP-635,ap,CD-PRINCIPAL,grp-aps-bodega-principal,ap-bod-0149,dhcp,bodega-principal
CNAP00150,b4:c5:d6:00:00:96,ap,AP-635,ap,CD-PRINCIPAL,grp-aps-bodega-principal,ap-bod-0150,dhcp,bodega-principal
CNAP00151,b4:c5:d6:00:00:97,ap,AP-635,ap,CD-PRINCIPAL,grp-aps-bodega-principal,ap-bod-0151,dhcp,bodega-principal
CNAP00152,b4:c5:d6:00:00:98,ap,AP-635,ap,CD-PRINCIPAL,grp-aps-bodega-principal,ap-bod-0152,dhcp,bodega-principal
CNAP00153,b4:c5:d6:00:00:99,ap,AP-635,ap,CD-PRINCIPAL,grp-aps-bodega-principal,ap-bod-0153,dhcp,bodega-principal
CNAP00154,b4:c5:d6:00:00:9a,ap,AP-635,ap,CD-PRINCIPAL,grp-aps-bodega-principal,ap-bod-0154,dhcp,bodega-principal
CNAP00155,b4:c5:d6:00:00:9b,ap,AP-635,ap,CD-PRINCIPAL,grp-aps-bodega-principal,ap-bod-0155,dhcp,bodega-principal
CNAP00156,b4:c5:d6:00:00:9c,ap,AP-635,ap,CD-PRINCIPAL,grp-aps-bodega-principal,ap-bod-0156,dhcp,bodega-principal
CNAP00157,b4:c5:d6:00:00:9d,ap,AP-635,ap,CD-PRINCIPAL,grp-aps-bodega-principal,ap-bod-0157,dhcp,bodega-principal
CNAP00158,b4:c5:d6:00:00:9e,ap,AP-635,ap,CD-PRINCIPAL,grp-aps-bodega-principal,ap-bod-0158,dhcp,bodega-principal
CNAP00159,b4:c5:d6:00:00:9f,ap,AP-635,ap,CD-PRINCIPAL,grp-aps-bodega-principal,ap-bod-0159,dhcp,bodega-principal
CNAP00160,b4:c5:d6:00:00:a0,ap,AP-635,ap,CD-PRINCIPAL,grp-aps-bodega-principal,ap-bod-0160,dhcp,bodega-principal
CNAP00161,b4:c5:d6:00:00:a1,ap,AP-635,ap,CD-PRINCIPAL,grp-aps-bodega-principal,ap-bod-0161,dhcp,bodega-principal
CNAP00162,b4:c5:d6:00:00:a2,ap,AP-635,ap,CD-PRINCIPAL,grp-aps-bodega-principal,ap-bod-0162,dhcp,bodega-principal
CNAP00163,b4:c5:d6:00:00:a3,ap,AP-635,ap,CD-PRINCIPAL,grp-aps-bodega-principal,ap-bod-0163,dhcp,bodega-principal
CNAP00164,b4:c5:d6:00:00:a4,ap,AP-635,ap,CD-PRINCIPAL,grp-aps-bodega-principal,ap-bod-0164,dhcp,bodega-principal
CNAP00165,b4:c5:d6:00:00:a5,ap,AP-635,ap,CD-PRINCIPAL,grp-aps-bodega-principal,ap-bod-0165,dhcp,bodega-principal
CNAP00166,b4:c5:d6:00:00:a6,ap,AP-635,ap,CD-PRINCIPAL,grp-aps-bodega-principal,ap-bod-0166,dhcp,bodega-principal
CNAP00167,b4:c5:d6:00:00:a7,ap,AP-635,ap,CD-PRINCIPAL,grp-aps-bodega-principal,ap-bod-0167,dhcp,bodega-principal
CNAP00168,b4:c5:d6:00:00:a8,ap,AP-635,ap,CD-PRINCIPAL,grp-aps-bodega-principal,ap-bod-0168,dhcp,bodega-principal
CNAP00169,b4:c5:d6:00:00:a9,ap,AP-635,ap,CD-PRINCIPAL,grp-aps-bodega-principal,ap-bod-0169,dhcp,bodega-principal
CNAP00170,b4:c5:d6:00:00:aa,ap,AP-635,ap,CD-PRINCIPAL,grp-aps-bodega-principal,ap-bod-0170,dhcp,bodega-principal
CNAP00171,b4:c5:d6:00:00:ab,ap,AP-635,ap,CD-PRINCIPAL,grp-aps-bodega-principal,ap-bod-0171,dhcp,bodega-principal
CNAP00172,b4:c5:d6:00:00:ac,ap,AP-635,ap,CD-PRINCIPAL,grp-aps-bodega-principal,ap-bod-0172,dhcp,bodega-principal
CNAP00173,b4:c5:d6:00:00:ad,ap,AP-635,ap,CD-PRINCIPAL,grp-aps-bodega-principal,ap-bod-0173,dhcp,bodega-principal
CNAP00174,b4:c5:d6:00:00:ae,ap,AP-635,ap,CD-PRINCIPAL,grp-aps-bodega-principal,ap-bod-0174,dhcp,bodega-principal
CNAP00175,b4:c5:d6:00:00:af,ap,AP-635,ap,CD-PRINCIPAL,grp-aps-bodega-principal,ap-bod-0175,dhcp,bodega-principal
CNAP00176,b4:c5:d6:00:00:b0,ap,AP-635,ap,CD-PRINCIPAL,grp-aps-bodega-principal,ap-bod-0176,dhcp,bodega-principal
CNAP00177,b4:c5:d6:00:00:b1,ap,AP-635,ap,CD-PRINCIPAL,grp-aps-bodega-principal,ap-bod-0177,dhcp,bodega-principal
CNAP00178,b4:c5:d6:00:00:b2,ap,AP-635,ap,CD-PRINCIPAL,grp-aps-bodega-principal,ap-bod-0178,dhcp,bodega-principal
CNAP00179,b4:c5:d6:00:00:b3,ap,AP-635,ap,CD-PRINCIPAL,grp-aps-bodega-principal,ap-bod-0179,dhcp,bodega-principal
CNAP00180,b4:c5:d6:00:00:b4,ap,AP-635,ap,CD-PRINCIPAL,grp-aps-bodega-principal,ap-bod-0180,dhcp,bodega-principal
CNAP00181,b4:c5:d6:00:00:b5,ap,AP-635,ap,CD-PRINCIPAL,grp-aps-bodega-principal,ap-bod-0181,dhcp,bodega-principal
CNAP00182,b4:c5:d6:00:00:b6,ap,AP-635,ap,CD-PRINCIPAL,grp-aps-bodega-principal,ap-bod-0182,dhcp,bodega-principal
CNAP00183,b4:c5:d6:00:00:b7,ap,AP-635,ap,CD-PRINCIPAL,grp-aps-bodega-principal,ap-bod-0183,dhcp,bodega-principal
CNAP00184,b4:c5:d6:00:00:b8,ap,AP-635,ap,CD-PRINCIPAL,grp-aps-bodega-principal,ap-bod-0184,dhcp,bodega-principal
CNAP00185,b4:c5:d6:00:00:b9,ap,AP-635,ap,CD-PRINCIPAL,grp-aps-bodega-principal,ap-bod-0185,dhcp,bodega-principal
CNAP00186,b4:c5:d6:00:00:ba,ap,AP-635,ap,CD-PRINCIPAL,grp-aps-bodega-principal,ap-bod-0186,dhcp,bodega-principal
CNAP00187,b4:c5:d6:00:00:bb,ap,AP-635,ap,CD-PRINCIPAL,grp-aps-bodega-principal,ap-bod-0187,dhcp,bodega-principal
CNAP00188,b4:c5:d6:00:00:bc,ap,AP-635,ap,CD-PRINCIPAL,grp-aps-bodega-principal,ap-bod-0188,dhcp,bodega-principal
CNAP00189,b4:c5:d6:00:00:bd,ap,AP-635,ap,CD-PRINCIPAL,grp-aps-bodega-principal,ap-bod-0189,dhcp,bodega-principal
CNAP00190,b4:c5:d6:00:00:be,ap,AP-635,ap,CD-PRINCIPAL,grp-aps-bodega-principal,ap-bod-0190,dhcp,bodega-principal
CNAP00191,b4:c5:d6:00:00:bf,ap,AP-635,ap,CD-PRINCIPAL,grp-aps-bodega-principal,ap-bod-0191,dhcp,bodega-principal
CNAP00192,b4:c5:d6:00:00:c0,ap,AP-635,ap,CD-PRINCIPAL,grp-aps-bodega-principal,ap-bod-0192,dhcp,bodega-principal
CNAP00193,b4:c5:d6:00:00:c1,ap,AP-635,ap,CD-PRINCIPAL,grp-aps-bodega-principal,ap-bod-0193,dhcp,bodega-principal
CNAP00194,b4:c5:d6:00:00:c2,ap,AP-635,ap,CD-PRINCIPAL,grp-aps-bodega-principal,ap-bod-0194,dhcp,bodega-principal
CNAP00195,b4:c5:d6:00:00:c3,ap,AP-635,ap,CD-PRINCIPAL,grp-aps-bodega-principal,ap-bod-0195,dhcp,bodega-principal
CNAP00196,b4:c5:d6:00:00:c4,ap,AP-635,ap,CD-PRINCIPAL,grp-aps-bodega-principal,ap-bod-0196,dhcp,bodega-principal
CNAP00197,b4:c5:d6:00:00:c5,ap,AP-635,ap,CD-PRINCIPAL,grp-aps-bodega-principal,ap-bod-0197,dhcp,bodega-principal
CNAP00198,b4:c5:d6:00:00:c6,ap,AP-635,ap,CD-PRINCIPAL,grp-aps-bodega-principal,ap-bod-0198,dhcp,bodega-principal
CNAP00199,b4:c5:d6:00:00:c7,ap,AP-635,ap,CD-PRINCIPAL,grp-aps-bodega-principal,ap-bod-0199,dhcp,bodega-principal
CNAP00200,b4:c5:d6:00:00:c8,ap,AP-635,ap,CD-PRINCIPAL,grp-aps-bodega-principal,ap-bod-0200,dhcp,bodega-principal
CNAP00201,b4:c5:d6:00:00:c9,ap,AP-635,ap,CD-PRINCIPAL,grp-aps-bodega-principal,ap-bod-0201,dhcp,bodega-principal
CNAP00202,b4:c5:d6:00:00:ca,ap,AP-635,ap,CD-PRINCIPAL,grp-aps-bodega-principal,ap-bod-0202,dhcp,bodega-principal
CNAP00203,b4:c5:d6:00:00:cb,ap,AP-635,ap,CD-PRINCIPAL,grp-aps-bodega-principal,ap-bod-0203,dhcp,bodega-principal
CNAP00204,b4:c5:d6:00:00:cc,ap,AP-635,ap,CD-PRINCIPAL,grp-aps-bodega-principal,ap-bod-0204,dhcp,bodega-principal
CNAP00205,b4:c5:d6:00:00:cd,ap,AP-635,ap,CD-PRINCIPAL,grp-aps-bodega-principal,ap-bod-0205,dhcp,bodega-principal
CNAP00206,b4:c5:d6:00:00:ce,ap,AP-635,ap,CD-PRINCIPAL,grp-aps-bodega-principal,ap-bod-0206,dhcp,bodega-principal
CNAP00207,b4:c5:d6:00:00:cf,ap,AP-635,ap,CD-PRINCIPAL,grp-aps-bodega-principal,ap-bod-0207,dhcp,bodega-principal
CNAP00208,b4:c5:d6:00:00:d0,ap,AP-635,ap,CD-PRINCIPAL,grp-aps-bodega-principal,ap-bod-0208,dhcp,bodega-principal
CNAP00209,b4:c5:d6:00:00:d1,ap,AP-635,ap,CD-PRINCIPAL,grp-aps-bodega-principal,ap-bod-0209,dhcp,bodega-principal
CNAP00210,b4:c5:d6:00:00:d2,ap,AP-635,ap,CD-PRINCIPAL,grp-aps-bodega-principal,ap-bod-0210,dhcp,bodega-principal
CNAP00211,b4:c5:d6:00:00:d3,ap,AP-635,ap,CD-PRINCIPAL,grp-aps-bodega-principal,ap-bod-0211,dhcp,bodega-principal
CNAP00212,b4:c5:d6:00:00:d4,ap,AP-635,ap,CD-PRINCIPAL,grp-aps-bodega-principal,ap-bod-0212,dhcp,bodega-principal
CNAP00213,b4:c5:d6:00:00:d5,ap,AP-635,ap,CD-PRINCIPAL,grp-aps-bodega-principal,ap-bod-0213,dhcp,bodega-principal
CNAP00214,b4:c5:d6:00:00:d6,ap,AP-635,ap,CD-PRINCIPAL,grp-aps-bodega-principal,ap-bod-0214,dhcp,bodega-principal
CNAP00215,b4:c5:d6:00:00:d7,ap,AP-635,ap,CD-PRINCIPAL,grp-aps-bodega-principal,ap-bod-0215,dhcp,bodega-principal
CNAP00216,b4:c5:d6:00:00:d8,ap,AP-635,ap,CD-PRINCIPAL,grp-aps-bodega-principal,ap-bod-0216,dhcp,bodega-principal
CNAP00217,b4:c5:d6:00:00:d9,ap,AP-635,ap,CD-PRINCIPAL,grp-aps-bodega-principal,ap-bod-0217,dhcp,bodega-principal
CNAP00218,b4:c5:d6:00:00:da,ap,AP-635,ap,CD-PRINCIPAL,grp-aps-bodega-principal,ap-bod-0218,dhcp,bodega-principal
CNAP00219,b4:c5:d6:00:00:db,ap,AP-635,ap,CD-PRINCIPAL,grp-aps-bodega-principal,ap-bod-0219,dhcp,bodega-principal
CNAP00220,b4:c5:d6:00:00:dc,ap,AP-635,ap,CD-PRINCIPAL,grp-aps-bodega-principal,ap-bod-0220,dhcp,bodega-principal
CNAP00221,b4:c5:d6:00:00:dd,ap,AP-635,ap,CD-PRINCIPAL,grp-aps-bodega-principal,ap-bod-0221,dhcp,bodega-principal
CNAP00222,b4:c5:d6:00:00:de,ap,AP-635,ap,CD-PRINCIPAL,grp-aps-bodega-principal,ap-bod-0222,dhcp,bodega-principal
CNAP00223,b4:c5:d6:00:00:df,ap,AP-635,ap,CD-PRINCIPAL,grp-aps-bodega-principal,ap-bod-0223,dhcp,bodega-principal
CNAP00224,b4:c5:d6:00:00:e0,ap,AP-635,ap,CD-PRINCIPAL,grp-aps-bodega-principal,ap-bod-0224,dhcp,bodega-principal
CNAP00225,b4:c5:d6:00:00:e1,ap,AP-635,ap,CD-PRINCIPAL,grp-aps-bodega-principal,ap-bod-0225,dhcp,bodega-principal
CNAP00226,b4:c5:d6:00:00:e2,ap,AP-635,ap,CD-PRINCIPAL,grp-aps-bodega-principal,ap-bod-0226,dhcp,bodega-principal
CNAP00227,b4:c5:d6:00:00:e3,ap,AP-635,ap,CD-PRINCIPAL,grp-aps-bodega-principal,ap-bod-0227,dhcp,bodega-principal
CNAP00228,b4:c5:d6:00:00:e4,ap,AP-635,ap,CD-PRINCIPAL,grp-aps-bodega-principal,ap-bod-0228,dhcp,bodega-principal
CNAP00229,b4:c5:d6:00:00:e5,ap,AP-635,ap,CD-PRINCIPAL,grp-aps-bodega-principal,ap-bod-0229,dhcp,bodega-principal
CNAP00230,b4:c5:d6:00:00:e6,ap,AP-635,ap,CD-PRINCIPAL,grp-aps-bodega-principal,ap-bod-0230,dhcp,bodega-principal
CNAP00231,b4:c5:d6:00:00:e7,ap,AP-635,ap,CD-PRINCIPAL,grp-aps-bodega-principal,ap-bod-0231,dhcp,bodega-principal
CNAP00232,b4:c5:d6:00:00:e8,ap,AP-635,ap,CD-PRINCIPAL,grp-aps-bodega-principal,ap-bod-0232,dhcp,bodega-principal
CNAP00233,b4:c5:d6:00:00:e9,ap,AP-635,ap,CD-PRINCIPAL,grp-aps-bodega-principal,ap-bod-0233,dhcp,bodega-principal
CNAP00234,b4:c5:d6:00:00:ea,ap,AP-635,ap,CD-PRINCIPAL,grp-aps-bodega-principal,ap-bod-0234,dhcp,bodega-principal
CNAP00235,b4:c5:d6:00:00:eb,ap,AP-635,ap,CD-PRINCIPAL,grp-aps-bodega-principal,ap-bod-0235,dhcp,bodega-principal
CNAP00236,b4:c5:d6:00:00:ec,ap,AP-635,ap,CD-PRINCIPAL,grp-aps-bodega-principal,ap-bod-0236,dhcp,bodega-principal
CNAP00237,b4:c5:d6:00:00:ed,ap,AP-635,ap,CD-PRINCIPAL,grp-aps-bodega-principal,ap-bod-0237,dhcp,bodega-principal
CNAP00238,b4:c5:d6:00:00:ee,ap,AP-635,ap,CD-PRINCIPAL,grp-aps-bodega-principal,ap-bod-0238,dhcp,bodega-principal
CNAP00239,b4:c5:d6:00:00:ef,ap,AP-635,ap,CD-PRINCIPAL,grp-aps-bodega-principal,ap-bod-0239,dhcp,bodega-principal
CNAP00240,b4:c5:d6:00:00:f0,ap,AP-635,ap,CD-PRINCIPAL,grp-aps-bodega-principal,ap-bod-0240,dhcp,bodega-principal
CNAP00241,b4:c5:d6:00:00:f1,ap,AP-635,ap,CD-PRINCIPAL,grp-aps-bodega-principal,ap-bod-0241,dhcp,bodega-principal
CNAP00242,b4:c5:d6:00:00:f2,ap,AP-635,ap,CD-PRINCIPAL,grp-aps-bodega-principal,ap-bod-0242,dhcp,bodega-principal
CNAP00243,b4:c5:d6:00:00:f3,ap,AP-635,ap,CD-PRINCIPAL,grp-aps-bodega-principal,ap-bod-0243,dhcp,bodega-principal
CNAP00244,b4:c5:d6:00:00:f4,ap,AP-635,ap,CD-PRINCIPAL,grp-aps-bodega-principal,ap-bod-0244,dhcp,bodega-principal
CNAP00245,b4:c5:d6:00:00:f5,ap,AP-635,ap,CD-PRINCIPAL,grp-aps-bodega-principal,ap-bod-0245,dhcp,bodega-principal
CNAP00246,b4:c5:d6:00:00:f6,ap,AP-635,ap,CD-PRINCIPAL,grp-aps-bodega-principal,ap-bod-0246,dhcp,bodega-principal
CNAP00247,b4:c5:d6:00:00:f7,ap,AP-635,ap,CD-PRINCIPAL,grp-aps-bodega-principal,ap-bod-0247,dhcp,bodega-principal
CNAP00248,b4:c5:d6:00:00:f8,ap,AP-635,ap,CD-PRINCIPAL,grp-aps-bodega-principal,ap-bod-0248,dhcp,bodega-principal
CNAP00249,b4:c5:d6:00:00:f9,ap,AP-635,ap,CD-PRINCIPAL,grp-aps-bodega-principal,ap-bod-0249,dhcp,bodega-principal
CNAP00250,b4:c5:d6:00:00:fa,ap,AP-635,ap,CD-PRINCIPAL,grp-aps-bodega-principal,ap-bod-0250,dhcp,bodega-principal
CNAP00251,b4:c5:d6:00:00:fb,ap,AP-635,ap,CD-PRINCIPAL,grp-aps-bodega-principal,ap-bod-0251,dhcp,bodega-principal
CNAP00252,b4:c5:d6:00:00:fc,ap,AP-635,ap,CD-PRINCIPAL,grp-aps-bodega-principal,ap-bod-0252,dhcp,bodega-principal
CNAP00253,b4:c5:d6:00:00:fd,ap,AP-635,ap,CD-PRINCIPAL,grp-aps-bodega-principal,ap-bod-0253,dhcp,bodega-principal
CNAP00254,b4:c5:d6:00:00:fe,ap,AP-635,ap,CD-PRINCIPAL,grp-aps-bodega-principal,ap-bod-0254,dhcp,bodega-principal
CNAP00255,b4:c5:d6:00:00:ff,ap,AP-635,ap,CD-PRINCIPAL,grp-aps-bodega-principal,ap-bod-0255,dhcp,bodega-principal
CNAP00256,b4:c5:d6:00:01:00,ap,AP-635,ap,CD-PRINCIPAL,grp-aps-bodega-principal,ap-bod-0256,dhcp,bodega-principal
CNAP00257,b4:c5:d6:00:01:01,ap,AP-635,ap,CD-PRINCIPAL,grp-aps-bodega-principal,ap-bod-0257,dhcp,bodega-principal
CNAP00258,b4:c5:d6:00:01:02,ap,AP-635,ap,CD-PRINCIPAL,grp-aps-bodega-principal,ap-bod-0258,dhcp,bodega-principal
CNAP00259,b4:c5:d6:00:01:03,ap,AP-635,ap,CD-PRINCIPAL,grp-aps-bodega-principal,ap-bod-0259,dhcp,bodega-principal
CNAP00260,b4:c5:d6:00:01:04,ap,AP-635,ap,CD-PRINCIPAL,grp-aps-bodega-principal,ap-bod-0260,dhcp,bodega-principal
CNAP00261,b4:c5:d6:00:01:05,ap,AP-635,ap,CD-PRINCIPAL,grp-aps-bodega-principal,ap-bod-0261,dhcp,bodega-principal
CNAP00262,b4:c5:d6:00:01:06,ap,AP-635,ap,CD-PRINCIPAL,grp-aps-bodega-principal,ap-bod-0262,dhcp,bodega-principal
CNAP00263,b4:c5:d6:00:01:07,ap,AP-635,ap,CD-PRINCIPAL,grp-aps-bodega-principal,ap-bod-0263,dhcp,bodega-principal
CNAP00264,b4:c5:d6:00:01:08,ap,AP-635,ap,CD-PRINCIPAL,grp-aps-bodega-principal,ap-bod-0264,dhcp,bodega-principal
CNAP00265,b4:c5:d6:00:01:09,ap,AP-635,ap,CD-PRINCIPAL,grp-aps-bodega-principal,ap-bod-0265,dhcp,bodega-principal
CNAP00266,b4:c5:d6:00:01:0a,ap,AP-635,ap,CD-PRINCIPAL,grp-aps-bodega-principal,ap-bod-0266,dhcp,bodega-principal
CNAP00267,b4:c5:d6:00:01:0b,ap,AP-635,ap,CD-PRINCIPAL,grp-aps-bodega-principal,ap-bod-0267,dhcp,bodega-principal
CNAP00268,b4:c5:d6:00:01:0c,ap,AP-635,ap,CD-PRINCIPAL,grp-aps-bodega-principal,ap-bod-0268,dhcp,bodega-principal
CNAP00269,b4:c5:d6:00:01:0d,ap,AP-635,ap,CD-PRINCIPAL,grp-aps-bodega-principal,ap-bod-0269,dhcp,bodega-principal
CNAP00270,b4:c5:d6:00:01:0e,ap,AP-635,ap,CD-PRINCIPAL,grp-aps-bodega-principal,ap-bod-0270,dhcp,bodega-principal
CNAP00271,b4:c5:d6:00:01:0f,ap,AP-635,ap,CD-PRINCIPAL,grp-aps-bodega-principal,ap-bod-0271,dhcp,bodega-principal
CNAP00272,b4:c5:d6:00:01:10,ap,AP-635,ap,CD-PRINCIPAL,grp-aps-bodega-principal,ap-bod-0272,dhcp,bodega-principal
CNAP00273,b4:c5:d6:00:01:11,ap,AP-635,ap,CD-PRINCIPAL,grp-aps-bodega-principal,ap-bod-0273,dhcp,bodega-principal
CNAP00274,b4:c5:d6:00:01:12,ap,AP-635,ap,CD-PRINCIPAL,grp-aps-bodega-principal,ap-bod-0274,dhcp,bodega-principal
CNAP00275,b4:c5:d6:00:01:13,ap,AP-635,ap,CD-PRINCIPAL,grp-aps-bodega-principal,ap-bod-0275,dhcp,bodega-principal
CNAP00276,b4:c5:d6:00:01:14,ap,AP-635,ap,CD-PRINCIPAL,grp-aps-bodega-principal,ap-bod-0276,dhcp,bodega-principal
CNAP00277,b4:c5:d6:00:01:15,ap,AP-635,ap,CD-PRINCIPAL,grp-aps-bodega-principal,ap-bod-0277,dhcp,bodega-principal
CNAP00278,b4:c5:d6:00:01:16,ap,AP-635,ap,CD-PRINCIPAL,grp-aps-bodega-principal,ap-bod-0278,dhcp,bodega-principal
CNAP00279,b4:c5:d6:00:01:17,ap,AP-635,ap,CD-PRINCIPAL,grp-aps-bodega-principal,ap-bod-0279,dhcp,bodega-principal
CNAP00280,b4:c5:d6:00:01:18,ap,AP-635,ap,CD-PRINCIPAL,grp-aps-bodega-principal,ap-bod-0280,dhcp,bodega-principal
CNAP00281,b4:c5:d6:00:01:19,ap,AP-635,ap,CD-PRINCIPAL,grp-aps-andenes,ap-and-0281,dhcp,andenes
CNAP00282,b4:c5:d6:00:01:1a,ap,AP-635,ap,CD-PRINCIPAL,grp-aps-andenes,ap-and-0282,dhcp,andenes
CNAP00283,b4:c5:d6:00:01:1b,ap,AP-635,ap,CD-PRINCIPAL,grp-aps-andenes,ap-and-0283,dhcp,andenes
CNAP00284,b4:c5:d6:00:01:1c,ap,AP-635,ap,CD-PRINCIPAL,grp-aps-andenes,ap-and-0284,dhcp,andenes
CNAP00285,b4:c5:d6:00:01:1d,ap,AP-635,ap,CD-PRINCIPAL,grp-aps-andenes,ap-and-0285,dhcp,andenes
CNAP00286,b4:c5:d6:00:01:1e,ap,AP-635,ap,CD-PRINCIPAL,grp-aps-andenes,ap-and-0286,dhcp,andenes
CNAP00287,b4:c5:d6:00:01:1f,ap,AP-635,ap,CD-PRINCIPAL,grp-aps-andenes,ap-and-0287,dhcp,andenes
CNAP00288,b4:c5:d6:00:01:20,ap,AP-635,ap,CD-PRINCIPAL,grp-aps-andenes,ap-and-0288,dhcp,andenes
CNAP00289,b4:c5:d6:00:01:21,ap,AP-635,ap,CD-PRINCIPAL,grp-aps-andenes,ap-and-0289,dhcp,andenes
CNAP00290,b4:c5:d6:00:01:22,ap,AP-635,ap,CD-PRINCIPAL,grp-aps-andenes,ap-and-0290,dhcp,andenes
CNAP00291,b4:c5:d6:00:01:23,ap,AP-635,ap,CD-PRINCIPAL,grp-aps-andenes,ap-and-0291,dhcp,andenes
CNAP00292,b4:c5:d6:00:01:24,ap,AP-635,ap,CD-PRINCIPAL,grp-aps-andenes,ap-and-0292,dhcp,andenes
CNAP00293,b4:c5:d6:00:01:25,ap,AP-635,ap,CD-PRINCIPAL,grp-aps-andenes,ap-and-0293,dhcp,andenes
CNAP00294,b4:c5:d6:00:01:26,ap,AP-635,ap,CD-PRINCIPAL,grp-aps-andenes,ap-and-0294,dhcp,andenes
CNAP00295,b4:c5:d6:00:01:27,ap,AP-635,ap,CD-PRINCIPAL,grp-aps-andenes,ap-and-0295,dhcp,andenes
CNAP00296,b4:c5:d6:00:01:28,ap,AP-635,ap,CD-PRINCIPAL,grp-aps-andenes,ap-and-0296,dhcp,andenes
CNAP00297,b4:c5:d6:00:01:29,ap,AP-635,ap,CD-PRINCIPAL,grp-aps-andenes,ap-and-0297,dhcp,andenes
CNAP00298,b4:c5:d6:00:01:2a,ap,AP-635,ap,CD-PRINCIPAL,grp-aps-andenes,ap-and-0298,dhcp,andenes
CNAP00299,b4:c5:d6:00:01:2b,ap,AP-635,ap,CD-PRINCIPAL,grp-aps-andenes,ap-and-0299,dhcp,andenes
CNAP00300,b4:c5:d6:00:01:2c,ap,AP-635,ap,CD-PRINCIPAL,grp-aps-andenes,ap-and-0300,dhcp,andenes
CNAP00301,b4:c5:d6:00:01:2d,ap,AP-635,ap,CD-PRINCIPAL,grp-aps-andenes,ap-and-0301,dhcp,andenes
CNAP00302,b4:c5:d6:00:01:2e,ap,AP-635,ap,CD-PRINCIPAL,grp-aps-andenes,ap-and-0302,dhcp,andenes
CNAP00303,b4:c5:d6:00:01:2f,ap,AP-635,ap,CD-PRINCIPAL,grp-aps-andenes,ap-and-0303,dhcp,andenes
CNAP00304,b4:c5:d6:00:01:30,ap,AP-635,ap,CD-PRINCIPAL,grp-aps-andenes,ap-and-0304,dhcp,andenes
CNAP00305,b4:c5:d6:00:01:31,ap,AP-635,ap,CD-PRINCIPAL,grp-aps-andenes,ap-and-0305,dhcp,andenes
CNAP00306,b4:c5:d6:00:01:32,ap,AP-635,ap,CD-PRINCIPAL,grp-aps-andenes,ap-and-0306,dhcp,andenes
CNAP00307,b4:c5:d6:00:01:33,ap,AP-635,ap,CD-PRINCIPAL,grp-aps-andenes,ap-and-0307,dhcp,andenes
CNAP00308,b4:c5:d6:00:01:34,ap,AP-635,ap,CD-PRINCIPAL,grp-aps-andenes,ap-and-0308,dhcp,andenes
CNAP00309,b4:c5:d6:00:01:35,ap,AP-635,ap,CD-PRINCIPAL,grp-aps-andenes,ap-and-0309,dhcp,andenes
CNAP00310,b4:c5:d6:00:01:36,ap,AP-635,ap,CD-PRINCIPAL,grp-aps-andenes,ap-and-0310,dhcp,andenes
CNAP00311,b4:c5:d6:00:01:37,ap,AP-635,ap,CD-PRINCIPAL,grp-aps-andenes,ap-and-0311,dhcp,andenes
CNAP00312,b4:c5:d6:00:01:38,ap,AP-635,ap,CD-PRINCIPAL,grp-aps-andenes,ap-and-0312,dhcp,andenes
CNAP00313,b4:c5:d6:00:01:39,ap,AP-635,ap,CD-PRINCIPAL,grp-aps-andenes,ap-and-0313,dhcp,andenes
CNAP00314,b4:c5:d6:00:01:3a,ap,AP-635,ap,CD-PRINCIPAL,grp-aps-andenes,ap-and-0314,dhcp,andenes
CNAP00315,b4:c5:d6:00:01:3b,ap,AP-635,ap,CD-PRINCIPAL,grp-aps-andenes,ap-and-0315,dhcp,andenes
CNAP00316,b4:c5:d6:00:01:3c,ap,AP-635,ap,CD-PRINCIPAL,grp-aps-andenes,ap-and-0316,dhcp,andenes
CNAP00317,b4:c5:d6:00:01:3d,ap,AP-635,ap,CD-PRINCIPAL,grp-aps-andenes,ap-and-0317,dhcp,andenes
CNAP00318,b4:c5:d6:00:01:3e,ap,AP-635,ap,CD-PRINCIPAL,grp-aps-andenes,ap-and-0318,dhcp,andenes
CNAP00319,b4:c5:d6:00:01:3f,ap,AP-635,ap,CD-PRINCIPAL,grp-aps-andenes,ap-and-0319,dhcp,andenes
CNAP00320,b4:c5:d6:00:01:40,ap,AP-635,ap,CD-PRINCIPAL,grp-aps-andenes,ap-and-0320,dhcp,andenes
CNAP00321,b4:c5:d6:00:01:41,ap,AP-635,ap,CD-PRINCIPAL,grp-aps-andenes,ap-and-0321,dhcp,andenes
CNAP00322,b4:c5:d6:00:01:42,ap,AP-635,ap,CD-PRINCIPAL,grp-aps-andenes,ap-and-0322,dhcp,andenes
CNAP00323,b4:c5:d6:00:01:43,ap,AP-635,ap,CD-PRINCIPAL,grp-aps-andenes,ap-and-0323,dhcp,andenes
CNAP00324,b4:c5:d6:00:01:44,ap,AP-635,ap,CD-PRINCIPAL,grp-aps-andenes,ap-and-0324,dhcp,andenes
CNAP00325,b4:c5:d6:00:01:45,ap,AP-635,ap,CD-PRINCIPAL,grp-aps-andenes,ap-and-0325,dhcp,andenes
CNAP00326,b4:c5:d6:00:01:46,ap,AP-635,ap,CD-PRINCIPAL,grp-aps-andenes,ap-and-0326,dhcp,andenes
CNAP00327,b4:c5:d6:00:01:47,ap,AP-635,ap,CD-PRINCIPAL,grp-aps-andenes,ap-and-0327,dhcp,andenes
CNAP00328,b4:c5:d6:00:01:48,ap,AP-635,ap,CD-PRINCIPAL,grp-aps-andenes,ap-and-0328,dhcp,andenes
CNAP00329,b4:c5:d6:00:01:49,ap,AP-635,ap,CD-PRINCIPAL,grp-aps-andenes,ap-and-0329,dhcp,andenes
CNAP00330,b4:c5:d6:00:01:4a,ap,AP-635,ap,CD-PRINCIPAL,grp-aps-andenes,ap-and-0330,dhcp,andenes
CNAP00331,b4:c5:d6:00:01:4b,ap,AP-635,ap,CD-PRINCIPAL,grp-aps-andenes,ap-and-0331,dhcp,andenes
CNAP00332,b4:c5:d6:00:01:4c,ap,AP-635,ap,CD-PRINCIPAL,grp-aps-andenes,ap-and-0332,dhcp,andenes
CNAP00333,b4:c5:d6:00:01:4d,ap,AP-635,ap,CD-PRINCIPAL,grp-aps-andenes,ap-and-0333,dhcp,andenes
CNAP00334,b4:c5:d6:00:01:4e,ap,AP-635,ap,CD-PRINCIPAL,grp-aps-andenes,ap-and-0334,dhcp,andenes
CNAP00335,b4:c5:d6:00:01:4f,ap,AP-635,ap,CD-PRINCIPAL,grp-aps-andenes,ap-and-0335,dhcp,andenes
CNAP00336,b4:c5:d6:00:01:50,ap,AP-635,ap,CD-PRINCIPAL,grp-aps-andenes,ap-and-0336,dhcp,andenes
CNAP00337,b4:c5:d6:00:01:51,ap,AP-635,ap,CD-PRINCIPAL,grp-aps-andenes,ap-and-0337,dhcp,andenes
CNAP00338,b4:c5:d6:00:01:52,ap,AP-635,ap,CD-PRINCIPAL,grp-aps-andenes,ap-and-0338,dhcp,andenes
CNAP00339,b4:c5:d6:00:01:53,ap,AP-635,ap,CD-PRINCIPAL,grp-aps-andenes,ap-and-0339,dhcp,andenes
CNAP00340,b4:c5:d6:00:01:54,ap,AP-635,ap,CD-PRINCIPAL,grp-aps-andenes,ap-and-0340,dhcp,andenes
CNAP00341,b4:c5:d6:00:01:55,ap,AP-635,ap,CD-PRINCIPAL,grp-aps-andenes,ap-and-0341,dhcp,andenes
CNAP00342,b4:c5:d6:00:01:56,ap,AP-635,ap,CD-PRINCIPAL,grp-aps-andenes,ap-and-0342,dhcp,andenes
CNAP00343,b4:c5:d6:00:01:57,ap,AP-635,ap,CD-PRINCIPAL,grp-aps-andenes,ap-and-0343,dhcp,andenes
CNAP00344,b4:c5:d6:00:01:58,ap,AP-635,ap,CD-PRINCIPAL,grp-aps-andenes,ap-and-0344,dhcp,andenes
CNAP00345,b4:c5:d6:00:01:59,ap,AP-635,ap,CD-PRINCIPAL,grp-aps-andenes,ap-and-0345,dhcp,andenes
CNAP00346,b4:c5:d6:00:01:5a,ap,AP-635,ap,CD-PRINCIPAL,grp-aps-andenes,ap-and-0346,dhcp,andenes
CNAP00347,b4:c5:d6:00:01:5b,ap,AP-635,ap,CD-PRINCIPAL,grp-aps-andenes,ap-and-0347,dhcp,andenes
CNAP00348,b4:c5:d6:00:01:5c,ap,AP-635,ap,CD-PRINCIPAL,grp-aps-andenes,ap-and-0348,dhcp,andenes
CNAP00349,b4:c5:d6:00:01:5d,ap,AP-635,ap,CD-PRINCIPAL,grp-aps-andenes,ap-and-0349,dhcp,andenes
CNAP00350,b4:c5:d6:00:01:5e,ap,AP-635,ap,CD-PRINCIPAL,grp-aps-andenes,ap-and-0350,dhcp,andenes
CNAP00351,b4:c5:d6:00:01:5f,ap,AP-635,ap,CD-PRINCIPAL,grp-aps-andenes,ap-and-0351,dhcp,andenes
CNAP00352,b4:c5:d6:00:01:60,ap,AP-635,ap,CD-PRINCIPAL,grp-aps-andenes,ap-and-0352,dhcp,andenes
CNAP00353,b4:c5:d6:00:01:61,ap,AP-635,ap,CD-PRINCIPAL,grp-aps-andenes,ap-and-0353,dhcp,andenes
CNAP00354,b4:c5:d6:00:01:62,ap,AP-635,ap,CD-PRINCIPAL,grp-aps-andenes,ap-and-0354,dhcp,andenes
CNAP00355,b4:c5:d6:00:01:63,ap,AP-635,ap,CD-PRINCIPAL,grp-aps-andenes,ap-and-0355,dhcp,andenes
CNAP00356,b4:c5:d6:00:01:64,ap,AP-635,ap,CD-PRINCIPAL,grp-aps-andenes,ap-and-0356,dhcp,andenes
CNAP00357,b4:c5:d6:00:01:65,ap,AP-635,ap,CD-PRINCIPAL,grp-aps-andenes,ap-and-0357,dhcp,andenes
CNAP00358,b4:c5:d6:00:01:66,ap,AP-635,ap,CD-PRINCIPAL,grp-aps-andenes,ap-and-0358,dhcp,andenes
CNAP00359,b4:c5:d6:00:01:67,ap,AP-635,ap,CD-PRINCIPAL,grp-aps-andenes,ap-and-0359,dhcp,andenes
CNAP00360,b4:c5:d6:00:01:68,ap,AP-635,ap,CD-PRINCIPAL,grp-aps-andenes,ap-and-0360,dhcp,andenes
CNAP00361,b4:c5:d6:00:01:69,ap,AP-635,ap,CD-PRINCIPAL,grp-aps-oficinas,ap-ofi-0361,dhcp,oficinas
CNAP00362,b4:c5:d6:00:01:6a,ap,AP-635,ap,CD-PRINCIPAL,grp-aps-oficinas,ap-ofi-0362,dhcp,oficinas
CNAP00363,b4:c5:d6:00:01:6b,ap,AP-635,ap,CD-PRINCIPAL,grp-aps-oficinas,ap-ofi-0363,dhcp,oficinas
CNAP00364,b4:c5:d6:00:01:6c,ap,AP-635,ap,CD-PRINCIPAL,grp-aps-oficinas,ap-ofi-0364,dhcp,oficinas
CNAP00365,b4:c5:d6:00:01:6d,ap,AP-635,ap,CD-PRINCIPAL,grp-aps-oficinas,ap-ofi-0365,dhcp,oficinas
CNAP00366,b4:c5:d6:00:01:6e,ap,AP-635,ap,CD-PRINCIPAL,grp-aps-oficinas,ap-ofi-0366,dhcp,oficinas
CNAP00367,b4:c5:d6:00:01:6f,ap,AP-635,ap,CD-PRINCIPAL,grp-aps-oficinas,ap-ofi-0367,dhcp,oficinas
CNAP00368,b4:c5:d6:00:01:70,ap,AP-635,ap,CD-PRINCIPAL,grp-aps-oficinas,ap-ofi-0368,dhcp,oficinas
CNAP00369,b4:c5:d6:00:01:71,ap,AP-635,ap,CD-PRINCIPAL,grp-aps-oficinas,ap-ofi-0369,dhcp,oficinas
CNAP00370,b4:c5:d6:00:01:72,ap,AP-635,ap,CD-PRINCIPAL,grp-aps-oficinas,ap-ofi-0370,dhcp,oficinas
CNAP00371,b4:c5:d6:00:01:73,ap,AP-635,ap,CD-PRINCIPAL,grp-aps-oficinas,ap-ofi-0371,dhcp,oficinas
CNAP00372,b4:c5:d6:00:01:74,ap,AP-635,ap,CD-PRINCIPAL,grp-aps-oficinas,ap-ofi-0372,dhcp,oficinas
CNAP00373,b4:c5:d6:00:01:75,ap,AP-635,ap,CD-PRINCIPAL,grp-aps-oficinas,ap-ofi-0373,dhcp,oficinas
CNAP00374,b4:c5:d6:00:01:76,ap,AP-635,ap,CD-PRINCIPAL,grp-aps-oficinas,ap-ofi-0374,dhcp,oficinas
CNAP00375,b4:c5:d6:00:01:77,ap,AP-635,ap,CD-PRINCIPAL,grp-aps-oficinas,ap-ofi-0375,dhcp,oficinas
CNAP00376,b4:c5:d6:00:01:78,ap,AP-635,ap,CD-PRINCIPAL,grp-aps-oficinas,ap-ofi-0376,dhcp,oficinas
CNAP00377,b4:c5:d6:00:01:79,ap,AP-635,ap,CD-PRINCIPAL,grp-aps-oficinas,ap-ofi-0377,dhcp,oficinas
CNAP00378,b4:c5:d6:00:01:7a,ap,AP-635,ap,CD-PRINCIPAL,grp-aps-oficinas,ap-ofi-0378,dhcp,oficinas
CNAP00379,b4:c5:d6:00:01:7b,ap,AP-635,ap,CD-PRINCIPAL,grp-aps-oficinas,ap-ofi-0379,dhcp,oficinas
CNAP00380,b4:c5:d6:00:01:7c,ap,AP-635,ap,CD-PRINCIPAL,grp-aps-oficinas,ap-ofi-0380,dhcp,oficinas
CNAP00381,b4:c5:d6:00:01:7d,ap,AP-635,ap,CD-PRINCIPAL,grp-aps-oficinas,ap-ofi-0381,dhcp,oficinas
CNAP00382,b4:c5:d6:00:01:7e,ap,AP-635,ap,CD-PRINCIPAL,grp-aps-oficinas,ap-ofi-0382,dhcp,oficinas
CNAP00383,b4:c5:d6:00:01:7f,ap,AP-635,ap,CD-PRINCIPAL,grp-aps-oficinas,ap-ofi-0383,dhcp,oficinas
CNAP00384,b4:c5:d6:00:01:80,ap,AP-635,ap,CD-PRINCIPAL,grp-aps-oficinas,ap-ofi-0384,dhcp,oficinas
CNAP00385,b4:c5:d6:00:01:81,ap,AP-635,ap,CD-PRINCIPAL,grp-aps-oficinas,ap-ofi-0385,dhcp,oficinas
CNAP00386,b4:c5:d6:00:01:82,ap,AP-635,ap,CD-PRINCIPAL,grp-aps-oficinas,ap-ofi-0386,dhcp,oficinas
CNAP00387,b4:c5:d6:00:01:83,ap,AP-635,ap,CD-PRINCIPAL,grp-aps-oficinas,ap-ofi-0387,dhcp,oficinas
CNAP00388,b4:c5:d6:00:01:84,ap,AP-635,ap,CD-PRINCIPAL,grp-aps-oficinas,ap-ofi-0388,dhcp,oficinas
CNAP00389,b4:c5:d6:00:01:85,ap,AP-635,ap,CD-PRINCIPAL,grp-aps-oficinas,ap-ofi-0389,dhcp,oficinas
CNAP00390,b4:c5:d6:00:01:86,ap,AP-635,ap,CD-PRINCIPAL,grp-aps-oficinas,ap-ofi-0390,dhcp,oficinas
CNAP00391,b4:c5:d6:00:01:87,ap,AP-635,ap,CD-PRINCIPAL,grp-aps-oficinas,ap-ofi-0391,dhcp,oficinas
CNAP00392,b4:c5:d6:00:01:88,ap,AP-635,ap,CD-PRINCIPAL,grp-aps-oficinas,ap-ofi-0392,dhcp,oficinas
CNAP00393,b4:c5:d6:00:01:89,ap,AP-635,ap,CD-PRINCIPAL,grp-aps-oficinas,ap-ofi-0393,dhcp,oficinas
CNAP00394,b4:c5:d6:00:01:8a,ap,AP-635,ap,CD-PRINCIPAL,grp-aps-oficinas,ap-ofi-0394,dhcp,oficinas
CNAP00395,b4:c5:d6:00:01:8b,ap,AP-635,ap,CD-PRINCIPAL,grp-aps-oficinas,ap-ofi-0395,dhcp,oficinas
CNAP00396,b4:c5:d6:00:01:8c,ap,AP-635,ap,CD-PRINCIPAL,grp-aps-oficinas,ap-ofi-0396,dhcp,oficinas
CNAP00397,b4:c5:d6:00:01:8d,ap,AP-635,ap,CD-PRINCIPAL,grp-aps-oficinas,ap-ofi-0397,dhcp,oficinas
CNAP00398,b4:c5:d6:00:01:8e,ap,AP-635,ap,CD-PRINCIPAL,grp-aps-oficinas,ap-ofi-0398,dhcp,oficinas
CNAP00399,b4:c5:d6:00:01:8f,ap,AP-635,ap,CD-PRINCIPAL,grp-aps-oficinas,ap-ofi-0399,dhcp,oficinas
CNAP00400,b4:c5:d6:00:01:90,ap,AP-635,ap,CD-PRINCIPAL,grp-aps-oficinas,ap-ofi-0400,dhcp,oficinas
CNAP00401,b4:c5:d6:00:01:91,ap,AP-635,ap,CD-PRINCIPAL,grp-aps-oficinas,ap-ofi-0401,dhcp,oficinas
CNAP00402,b4:c5:d6:00:01:92,ap,AP-635,ap,CD-PRINCIPAL,grp-aps-oficinas,ap-ofi-0402,dhcp,oficinas
CNAP00403,b4:c5:d6:00:01:93,ap,AP-635,ap,CD-PRINCIPAL,grp-aps-oficinas,ap-ofi-0403,dhcp,oficinas
CNAP00404,b4:c5:d6:00:01:94,ap,AP-635,ap,CD-PRINCIPAL,grp-aps-oficinas,ap-ofi-0404,dhcp,oficinas
CNAP00405,b4:c5:d6:00:01:95,ap,AP-635,ap,CD-PRINCIPAL,grp-aps-oficinas,ap-ofi-0405,dhcp,oficinas
CNAP00406,b4:c5:d6:00:01:96,ap,AP-635,ap,CD-PRINCIPAL,grp-aps-oficinas,ap-ofi-0406,dhcp,oficinas
CNAP00407,b4:c5:d6:00:01:97,ap,AP-635,ap,CD-PRINCIPAL,grp-aps-oficinas,ap-ofi-0407,dhcp,oficinas
CNAP00408,b4:c5:d6:00:01:98,ap,AP-635,ap,CD-PRINCIPAL,grp-aps-oficinas,ap-ofi-0408,dhcp,oficinas
CNAP00409,b4:c5:d6:00:01:99,ap,AP-635,ap,CD-PRINCIPAL,grp-aps-oficinas,ap-ofi-0409,dhcp,oficinas
CNAP00410,b4:c5:d6:00:01:9a,ap,AP-635,ap,CD-PRINCIPAL,grp-aps-oficinas,ap-ofi-0410,dhcp,oficinas
CNAP00411,b4:c5:d6:00:01:9b,ap,AP-635,ap,CD-PRINCIPAL,grp-aps-oficinas,ap-ofi-0411,dhcp,oficinas
CNAP00412,b4:c5:d6:00:01:9c,ap,AP-635,ap,CD-PRINCIPAL,grp-aps-oficinas,ap-ofi-0412,dhcp,oficinas
CNAP00413,b4:c5:d6:00:01:9d,ap,AP-635,ap,CD-PRINCIPAL,grp-aps-oficinas,ap-ofi-0413,dhcp,oficinas
CNAP00414,b4:c5:d6:00:01:9e,ap,AP-635,ap,CD-PRINCIPAL,grp-aps-oficinas,ap-ofi-0414,dhcp,oficinas
CNAP00415,b4:c5:d6:00:01:9f,ap,AP-635,ap,CD-PRINCIPAL,grp-aps-oficinas,ap-ofi-0415,dhcp,oficinas
CNAP00416,b4:c5:d6:00:01:a0,ap,AP-635,ap,CD-PRINCIPAL,grp-aps-oficinas,ap-ofi-0416,dhcp,oficinas
CNAP00417,b4:c5:d6:00:01:a1,ap,AP-635,ap,CD-PRINCIPAL,grp-aps-oficinas,ap-ofi-0417,dhcp,oficinas
CNAP00418,b4:c5:d6:00:01:a2,ap,AP-635,ap,CD-PRINCIPAL,grp-aps-oficinas,ap-ofi-0418,dhcp,oficinas
CNAP00419,b4:c5:d6:00:01:a3,ap,AP-635,ap,CD-PRINCIPAL,grp-aps-oficinas,ap-ofi-0419,dhcp,oficinas
CNAP00420,b4:c5:d6:00:01:a4,ap,AP-635,ap,CD-PRINCIPAL,grp-aps-oficinas,ap-ofi-0420,dhcp,oficinas
CNAP00421,b4:c5:d6:00:01:a5,ap,AP-635,ap,CD-PRINCIPAL,grp-aps-zonas-comunes,ap-zon-0421,dhcp,zonas-comunes
CNAP00422,b4:c5:d6:00:01:a6,ap,AP-635,ap,CD-PRINCIPAL,grp-aps-zonas-comunes,ap-zon-0422,dhcp,zonas-comunes
CNAP00423,b4:c5:d6:00:01:a7,ap,AP-635,ap,CD-PRINCIPAL,grp-aps-zonas-comunes,ap-zon-0423,dhcp,zonas-comunes
CNAP00424,b4:c5:d6:00:01:a8,ap,AP-635,ap,CD-PRINCIPAL,grp-aps-zonas-comunes,ap-zon-0424,dhcp,zonas-comunes
CNAP00425,b4:c5:d6:00:01:a9,ap,AP-635,ap,CD-PRINCIPAL,grp-aps-zonas-comunes,ap-zon-0425,dhcp,zonas-comunes
CNAP00426,b4:c5:d6:00:01:aa,ap,AP-635,ap,CD-PRINCIPAL,grp-aps-zonas-comunes,ap-zon-0426,dhcp,zonas-comunes
CNAP00427,b4:c5:d6:00:01:ab,ap,AP-635,ap,CD-PRINCIPAL,grp-aps-zonas-comunes,ap-zon-0427,dhcp,zonas-comunes
CNAP00428,b4:c5:d6:00:01:ac,ap,AP-635,ap,CD-PRINCIPAL,grp-aps-zonas-comunes,ap-zon-0428,dhcp,zonas-comunes
CNAP00429,b4:c5:d6:00:01:ad,ap,AP-635,ap,CD-PRINCIPAL,grp-aps-zonas-comunes,ap-zon-0429,dhcp,zonas-comunes
CNAP00430,b4:c5:d6:00:01:ae,ap,AP-635,ap,CD-PRINCIPAL,grp-aps-zonas-comunes,ap-zon-0430,dhcp,zonas-comunes
CNAP00431,b4:c5:d6:00:01:af,ap,AP-635,ap,CD-PRINCIPAL,grp-aps-zonas-comunes,ap-zon-0431,dhcp,zonas-comunes
CNAP00432,b4:c5:d6:00:01:b0,ap,AP-635,ap,CD-PRINCIPAL,grp-aps-zonas-comunes,ap-zon-0432,dhcp,zonas-comunes
CNAP00433,b4:c5:d6:00:01:b1,ap,AP-635,ap,CD-PRINCIPAL,grp-aps-zonas-comunes,ap-zon-0433,dhcp,zonas-comunes
CNAP00434,b4:c5:d6:00:01:b2,ap,AP-635,ap,CD-PRINCIPAL,grp-aps-zonas-comunes,ap-zon-0434,dhcp,zonas-comunes
CNAP00435,b4:c5:d6:00:01:b3,ap,AP-635,ap,CD-PRINCIPAL,grp-aps-zonas-comunes,ap-zon-0435,dhcp,zonas-comunes
CNAP00436,b4:c5:d6:00:01:b4,ap,AP-635,ap,CD-PRINCIPAL,grp-aps-zonas-comunes,ap-zon-0436,dhcp,zonas-comunes
CNAP00437,b4:c5:d6:00:01:b5,ap,AP-635,ap,CD-PRINCIPAL,grp-aps-zonas-comunes,ap-zon-0437,dhcp,zonas-comunes
CNAP00438,b4:c5:d6:00:01:b6,ap,AP-635,ap,CD-PRINCIPAL,grp-aps-zonas-comunes,ap-zon-0438,dhcp,zonas-comunes
CNAP00439,b4:c5:d6:00:01:b7,ap,AP-635,ap,CD-PRINCIPAL,grp-aps-zonas-comunes,ap-zon-0439,dhcp,zonas-comunes
CNAP00440,b4:c5:d6:00:01:b8,ap,AP-635,ap,CD-PRINCIPAL,grp-aps-zonas-comunes,ap-zon-0440,dhcp,zonas-comunes
CNAP00441,b4:c5:d6:00:01:b9,ap,AP-635,ap,CD-PRINCIPAL,grp-aps-zonas-comunes,ap-zon-0441,dhcp,zonas-comunes
CNAP00442,b4:c5:d6:00:01:ba,ap,AP-635,ap,CD-PRINCIPAL,grp-aps-zonas-comunes,ap-zon-0442,dhcp,zonas-comunes
CNAP00443,b4:c5:d6:00:01:bb,ap,AP-635,ap,CD-PRINCIPAL,grp-aps-zonas-comunes,ap-zon-0443,dhcp,zonas-comunes
CNAP00444,b4:c5:d6:00:01:bc,ap,AP-635,ap,CD-PRINCIPAL,grp-aps-zonas-comunes,ap-zon-0444,dhcp,zonas-comunes
CNAP00445,b4:c5:d6:00:01:bd,ap,AP-635,ap,CD-PRINCIPAL,grp-aps-zonas-comunes,ap-zon-0445,dhcp,zonas-comunes
CNAP00446,b4:c5:d6:00:01:be,ap,AP-635,ap,CD-PRINCIPAL,grp-aps-zonas-comunes,ap-zon-0446,dhcp,zonas-comunes
CNAP00447,b4:c5:d6:00:01:bf,ap,AP-635,ap,CD-PRINCIPAL,grp-aps-zonas-comunes,ap-zon-0447,dhcp,zonas-comunes
CNAP00448,b4:c5:d6:00:01:c0,ap,AP-635,ap,CD-PRINCIPAL,grp-aps-zonas-comunes,ap-zon-0448,dhcp,zonas-comunes
CNAP00449,b4:c5:d6:00:01:c1,ap,AP-635,ap,CD-PRINCIPAL,grp-aps-zonas-comunes,ap-zon-0449,dhcp,zonas-comunes
CNAP00450,b4:c5:d6:00:01:c2,ap,AP-635,ap,CD-PRINCIPAL,grp-aps-zonas-comunes,ap-zon-0450,dhcp,zonas-comunes
CNAP00451,b4:c5:d6:00:01:c3,ap,AP-635,ap,CD-PRINCIPAL,grp-aps-zonas-comunes,ap-zon-0451,dhcp,zonas-comunes
CNAP00452,b4:c5:d6:00:01:c4,ap,AP-635,ap,CD-PRINCIPAL,grp-aps-zonas-comunes,ap-zon-0452,dhcp,zonas-comunes
CNAP00453,b4:c5:d6:00:01:c5,ap,AP-635,ap,CD-PRINCIPAL,grp-aps-zonas-comunes,ap-zon-0453,dhcp,zonas-comunes
CNAP00454,b4:c5:d6:00:01:c6,ap,AP-635,ap,CD-PRINCIPAL,grp-aps-zonas-comunes,ap-zon-0454,dhcp,zonas-comunes
CNAP00455,b4:c5:d6:00:01:c7,ap,AP-635,ap,CD-PRINCIPAL,grp-aps-zonas-comunes,ap-zon-0455,dhcp,zonas-comunes
CNAP00456,b4:c5:d6:00:01:c8,ap,AP-635,ap,CD-PRINCIPAL,grp-aps-zonas-comunes,ap-zon-0456,dhcp,zonas-comunes
CNAP00457,b4:c5:d6:00:01:c9,ap,AP-635,ap,CD-PRINCIPAL,grp-aps-zonas-comunes,ap-zon-0457,dhcp,zonas-comunes
CNAP00458,b4:c5:d6:00:01:ca,ap,AP-635,ap,CD-PRINCIPAL,grp-aps-zonas-comunes,ap-zon-0458,dhcp,zonas-comunes
CNAP00459,b4:c5:d6:00:01:cb,ap,AP-635,ap,CD-PRINCIPAL,grp-aps-zonas-comunes,ap-zon-0459,dhcp,zonas-comunes
CNAP00460,b4:c5:d6:00:01:cc,ap,AP-635,ap,CD-PRINCIPAL,grp-aps-zonas-comunes,ap-zon-0460,dhcp,zonas-comunes
CNAP00461,b4:c5:d6:00:01:cd,ap,AP-635,ap,CD-PRINCIPAL,grp-aps-zonas-comunes,ap-zon-0461,dhcp,zonas-comunes
CNAP00462,b4:c5:d6:00:01:ce,ap,AP-635,ap,CD-PRINCIPAL,grp-aps-zonas-comunes,ap-zon-0462,dhcp,zonas-comunes
CNAP00463,b4:c5:d6:00:01:cf,ap,AP-635,ap,CD-PRINCIPAL,grp-aps-zonas-comunes,ap-zon-0463,dhcp,zonas-comunes
CNAP00464,b4:c5:d6:00:01:d0,ap,AP-635,ap,CD-PRINCIPAL,grp-aps-zonas-comunes,ap-zon-0464,dhcp,zonas-comunes
CNAP00465,b4:c5:d6:00:01:d1,ap,AP-635,ap,CD-PRINCIPAL,grp-aps-zonas-comunes,ap-zon-0465,dhcp,zonas-comunes
CNAP00466,b4:c5:d6:00:01:d2,ap,AP-635,ap,CD-PRINCIPAL,grp-aps-zonas-comunes,ap-zon-0466,dhcp,zonas-comunes
CNAP00467,b4:c5:d6:00:01:d3,ap,AP-635,ap,CD-PRINCIPAL,grp-aps-zonas-comunes,ap-zon-0467,dhcp,zonas-comunes
CNAP00468,b4:c5:d6:00:01:d4,ap,AP-635,ap,CD-PRINCIPAL,grp-aps-zonas-comunes,ap-zon-0468,dhcp,zonas-comunes
CNAP00469,b4:c5:d6:00:01:d5,ap,AP-635,ap,CD-PRINCIPAL,grp-aps-zonas-comunes,ap-zon-0469,dhcp,zonas-comunes
CNAP00470,b4:c5:d6:00:01:d6,ap,AP-635,ap,CD-PRINCIPAL,grp-aps-zonas-comunes,ap-zon-0470,dhcp,zonas-comunes
CNAP00471,b4:c5:d6:00:01:d7,ap,AP-635,ap,CD-PRINCIPAL,grp-aps-perimetro,ap-per-0471,dhcp,perimetro
CNAP00472,b4:c5:d6:00:01:d8,ap,AP-635,ap,CD-PRINCIPAL,grp-aps-perimetro,ap-per-0472,dhcp,perimetro
CNAP00473,b4:c5:d6:00:01:d9,ap,AP-635,ap,CD-PRINCIPAL,grp-aps-perimetro,ap-per-0473,dhcp,perimetro
CNAP00474,b4:c5:d6:00:01:da,ap,AP-635,ap,CD-PRINCIPAL,grp-aps-perimetro,ap-per-0474,dhcp,perimetro
CNAP00475,b4:c5:d6:00:01:db,ap,AP-635,ap,CD-PRINCIPAL,grp-aps-perimetro,ap-per-0475,dhcp,perimetro
CNAP00476,b4:c5:d6:00:01:dc,ap,AP-635,ap,CD-PRINCIPAL,grp-aps-perimetro,ap-per-0476,dhcp,perimetro
CNAP00477,b4:c5:d6:00:01:dd,ap,AP-635,ap,CD-PRINCIPAL,grp-aps-perimetro,ap-per-0477,dhcp,perimetro
CNAP00478,b4:c5:d6:00:01:de,ap,AP-635,ap,CD-PRINCIPAL,grp-aps-perimetro,ap-per-0478,dhcp,perimetro
CNAP00479,b4:c5:d6:00:01:df,ap,AP-635,ap,CD-PRINCIPAL,grp-aps-perimetro,ap-per-0479,dhcp,perimetro
CNAP00480,b4:c5:d6:00:01:e0,ap,AP-635,ap,CD-PRINCIPAL,grp-aps-perimetro,ap-per-0480,dhcp,perimetro
CNAP00481,b4:c5:d6:00:01:e1,ap,AP-635,ap,CD-PRINCIPAL,grp-aps-perimetro,ap-per-0481,dhcp,perimetro
CNAP00482,b4:c5:d6:00:01:e2,ap,AP-635,ap,CD-PRINCIPAL,grp-aps-perimetro,ap-per-0482,dhcp,perimetro
CNAP00483,b4:c5:d6:00:01:e3,ap,AP-635,ap,CD-PRINCIPAL,grp-aps-perimetro,ap-per-0483,dhcp,perimetro
CNAP00484,b4:c5:d6:00:01:e4,ap,AP-635,ap,CD-PRINCIPAL,grp-aps-perimetro,ap-per-0484,dhcp,perimetro
CNAP00485,b4:c5:d6:00:01:e5,ap,AP-635,ap,CD-PRINCIPAL,grp-aps-perimetro,ap-per-0485,dhcp,perimetro
CNAP00486,b4:c5:d6:00:01:e6,ap,AP-635,ap,CD-PRINCIPAL,grp-aps-perimetro,ap-per-0486,dhcp,perimetro
CNAP00487,b4:c5:d6:00:01:e7,ap,AP-635,ap,CD-PRINCIPAL,grp-aps-perimetro,ap-per-0487,dhcp,perimetro
CNAP00488,b4:c5:d6:00:01:e8,ap,AP-635,ap,CD-PRINCIPAL,grp-aps-perimetro,ap-per-0488,dhcp,perimetro
CNAP00489,b4:c5:d6:00:01:e9,ap,AP-635,ap,CD-PRINCIPAL,grp-aps-perimetro,ap-per-0489,dhcp,perimetro
CNAP00490,b4:c5:d6:00:01:ea,ap,AP-635,ap,CD-PRINCIPAL,grp-aps-perimetro,ap-per-0490,dhcp,perimetro
CNAP00491,b4:c5:d6:00:01:eb,ap,AP-635,ap,CD-PRINCIPAL,grp-aps-perimetro,ap-per-0491,dhcp,perimetro
CNAP00492,b4:c5:d6:00:01:ec,ap,AP-635,ap,CD-PRINCIPAL,grp-aps-perimetro,ap-per-0492,dhcp,perimetro
CNAP00493,b4:c5:d6:00:01:ed,ap,AP-635,ap,CD-PRINCIPAL,grp-aps-perimetro,ap-per-0493,dhcp,perimetro
CNAP00494,b4:c5:d6:00:01:ee,ap,AP-635,ap,CD-PRINCIPAL,grp-aps-perimetro,ap-per-0494,dhcp,perimetro
CNAP00495,b4:c5:d6:00:01:ef,ap,AP-635,ap,CD-PRINCIPAL,grp-aps-perimetro,ap-per-0495,dhcp,perimetro
CNAP00496,b4:c5:d6:00:01:f0,ap,AP-635,ap,CD-PRINCIPAL,grp-aps-perimetro,ap-per-0496,dhcp,perimetro
CNAP00497,b4:c5:d6:00:01:f1,ap,AP-635,ap,CD-PRINCIPAL,grp-aps-perimetro,ap-per-0497,dhcp,perimetro
CNAP00498,b4:c5:d6:00:01:f2,ap,AP-635,ap,CD-PRINCIPAL,grp-aps-perimetro,ap-per-0498,dhcp,perimetro
CNAP00499,b4:c5:d6:00:01:f3,ap,AP-635,ap,CD-PRINCIPAL,grp-aps-perimetro,ap-per-0499,dhcp,perimetro
CNAP00500,b4:c5:d6:00:01:f4,ap,AP-635,ap,CD-PRINCIPAL,grp-aps-perimetro,ap-per-0500,dhcp,perimetro
CN90001GWMB,c9:01:20:00:00:01,gateway,9012,gateway,CD-PRINCIPAL,grp-gateways,gw-mob-01,10.20.12.2,
CN90002GWMB,c9:01:20:00:00:02,gateway,9012,gateway,CD-PRINCIPAL,grp-gateways,gw-mob-02,10.20.12.3,
PA14001FWPB,d1:42:00:00:00:01,firewall,PA-1420,perimeter,CD-PRINCIPAL,n/a,fw-perim-01,10.20.10.4,
PA14002FWPB,d1:42:00:00:00:02,firewall,PA-1420,perimeter,CD-PRINCIPAL,n/a,fw-perim-02,10.20.10.5,
